sido_cd,sido_nm,sido_en,mode,mean_access_2021,mean_access_2022,mean_access_2023,access_change,access_pct_change,total_pop_2021,total_pop_2022,total_pop_2023,banks_2021,banks_2022,banks_2023,bank_change,bank_pct_change
11,서울특별시,Seoul,car,325.4597361289603,312.1340847524956,297.8656729300362,-27.59406319892406,-8.478487547224638,9472127,9417469,9384512,1755,1644,1602,-153,-8.717948717948717
11,서울특별시,Seoul,transit,193.34566356285833,166.73166188990552,169.96466273366158,-23.38100082919675,-12.092849872267958,9472127,9417469,9384512,1755,1644,1602,-153,-8.717948717948717
21,부산광역시,Busan,car,127.89085967569454,109.94253283006044,106.06734166685978,-21.823518008834768,-17.064173361704512,3324335,3295760,3279604,482,468,464,-18,-3.7344398340248963
21,부산광역시,Busan,transit,76.20260763932235,57.91045444247559,50.13545649617047,-26.067151143151882,-34.207689146979554,3324335,3295760,3279604,482,468,464,-18,-3.7344398340248963
22,대구광역시,Daegu,car,119.40618114922987,114.67402159128444,105.98808711207353,-13.418094037156337,-11.237352964489208,2409196,2388649,2379188,315,287,279,-36,-11.428571428571429
22,대구광역시,Daegu,transit,42.11693361602792,41.97114526523849,44.43172649660304,2.3147928805751192,5.496109716055413,2409196,2388649,2379188,315,287,279,-36,-11.428571428571429
23,인천광역시,Incheon,car,93.44459128778604,89.15100037636432,87.78356681372792,-5.661024474058124,-6.058161736320917,2957044,2989125,3025950,265,257,257,-8,-3.018867924528302
23,인천광역시,Incheon,transit,41.78934289333086,36.74805280252025,34.35414115126379,-7.435201742067072,-17.79210015588365,2957044,2989125,3025950,265,257,257,-8,-3.018867924528302
24,광주광역시,Gwangju,car,94.02643327083597,91.03887412421749,87.22458324468633,-6.801850026149637,-7.233976435708699,1475262,1468972,1457090,174,166,167,-7,-4.022988505747127
24,광주광역시,Gwangju,transit,39.97930876007109,35.216331330118386,33.646613455586134,-6.332695304484957,-15.839931957026904,1475262,1468972,1457090,174,166,167,-7,-4.022988505747127
25,대전광역시,Daejeon,car,75.2998351061673,72.13616826653602,70.48720836597893,-4.812626740188364,-6.391284567094882,1479740,1473662,1470336,150,148,145,-5,-3.3333333333333335
25,대전광역시,Daejeon,transit,37.135614702582885,31.826810467167277,30.347662371049882,-6.787952331533003,-18.27882044204019,1479740,1473662,1470336,150,148,145,-5,-3.3333333333333335
26,울산광역시,Ulsan,car,48.95123992530022,43.63633482093009,40.78123352043285,-8.170006404867372,-16.690090827800958,1120753,1110516,1107432,124,119,124,0,0
26,울산광역시,Ulsan,transit,42.849523192591654,35.88007751951946,32.716267229048825,-10.13325596354283,-23.64846842751984,1120753,1110516,1107432,124,119,124,0,0
29,세종특별자치시,Sejong,car,22.255491812455116,22.629354215620417,22.623156363184478,0.3676645507293621,1.6520171912067179,366227,382589,386261,44,44,44,0,0
29,세종특별자치시,Sejong,transit,16.334396426260216,16.985589409697265,16.670054703943705,0.3356582776834891,2.0549169306547714,366227,382589,386261,44,44,44,0,0
31,경기도,Gyeonggi,car,64.57550187221723,61.416125381957364,57.090597376095765,-7.484904496121466,-11.59093507462425,13652529,13717827,13815367,1180,1121,1112,-68,-5.762711864406779
31,경기도,Gyeonggi,transit,31.696492757251544,26.739865593629858,25.56201182591337,-6.1344809313381745,-19.353816140855912,13652529,13717827,13815367,1180,1121,1112,-68,-5.762711864406779
32,강원특별자치도,Gangwon,car,12.251330910906834,12.060768816461906,11.625333275742237,-0.6259976351645964,-5.109629637113937,1521890,1528037,1528014,133,133,131,-2,-1.5037593984962405
32,강원특별자치도,Gangwon,transit,6.719571716746939,6.204519622234278,6.014874132915885,-0.7046975838310541,-10.487239567289123,1521890,1528037,1528014,133,133,131,-2,-1.5037593984962405
33,충청북도,Chungbuk,car,24.229691204384146,23.588838228841603,20.4146505503262,-3.8150406540579453,-15.745312731710126,1624764,1624993,1641481,137,133,129,-8,-5.839416058394161
33,충청북도,Chungbuk,transit,11.153441812677617,10.120861279607563,9.532313705326674,-1.621128107350943,-14.534778901238177,1624764,1624993,1641481,137,133,129,-8,-5.839416058394161
34,충청남도,Chungnam,car,18.192347745362966,17.686522154244866,17.40725667454154,-0.7850910708214265,-4.315501670319257,2175960,2193214,2216332,174,167,167,-7,-4.022988505747127
34,충청남도,Chungnam,transit,9.716882939024615,9.053930373415453,8.002215921020255,-1.7146670180043593,-17.646266078990948,2175960,2193214,2216332,174,167,167,-7,-4.022988505747127
35,전북특별자치도,Jeonbuk,car,33.34549171177352,32.604228382954354,30.797578839813152,-2.547912871960367,-7.640951568456729,1787053,1774248,1768491,190,183,182,-8,-4.2105263157894735
35,전북특별자치도,Jeonbuk,transit,26.308569303764354,23.84630038566574,25.004600937560138,-1.3039683662042165,-4.956439672368039,1787053,1774248,1768491,190,183,182,-8,-4.2105263157894735
36,전라남도,Jeonnam,car,11.54251334552596,10.928861468496374,10.226560617965765,-1.3159527275601945,-11.40092013036551,1778124,1771431,1776668,167,159,153,-14,-8.383233532934131
36,전라남도,Jeonnam,transit,8.751468148453089,8.013721919359734,7.488740224209963,-1.2627279242431255,-14.428755299375975,1778124,1771431,1776668,167,159,153,-14,-8.383233532934131
37,경상북도,Gyeongbuk,car,15.103481636967302,12.732149838988738,11.91916613897169,-3.1843154979956125,-21.083320882793526,2614029,2598576,2589880,243,236,232,-11,-4.526748971193416
37,경상북도,Gyeongbuk,transit,8.210610428065896,7.399527176935881,7.197889464634139,-1.0127209634317573,-12.334295632515053,2614029,2598576,2589880,243,236,232,-11,-4.526748971193416
38,경상남도,Gyeongnam,car,24.06991162247488,22.014819120411335,20.984169166298805,-3.0857424561760745,-12.819916020359685,3305931,3280829,3271148,324,308,326,2,0.6172839506172839
38,경상남도,Gyeongnam,transit,17.178448229359095,14.831312101301226,13.889125606667752,-3.2893226226913423,-19.147961322080732,3305931,3280829,3271148,324,308,326,2,0.6172839506172839
39,제주특별자치도,Jeju,car,28.25863495699792,25.5061230826095,25.37610580894163,-2.882529148056289,-10.200525087084804,673107,676375,676767,75,75,74,-1,-1.3333333333333335
39,제주특별자치도,Jeju,transit,14.75675660283828,12.659907595638515,12.666313517059786,-2.090443085778494,-14.166006406695244,673107,676375,676767,75,75,74,-1,-1.3333333333333335
