sgg_cd,sgg_nm,sido_nm,sido_en,total_pop_2021,bank_change,mean_access_2021_car,mean_access_2021_transit,mean_access_2023_car,mean_access_2023_transit,access_change_car,access_change_transit,access_pct_change_car,access_pct_change_transit,in_car_bottom,in_transit_bottom,divergence_category
11010,종로구,서울특별시,Seoul,148857,-8,412.9247868759951,313.2412270389255,368.67005520628817,266.1750559245856,-44.25473166970693,-47.06617111433991,-10.717383183634604,-15.02553529088658,FALSE,FALSE,Neither
11020,중구,서울특별시,Seoul,126310,-8,566.0257145119151,436.11192436597787,517.8110616416881,390.3553084697226,-48.21465287022704,-45.756615896255255,-8.518102911950319,-10.491943315417595,FALSE,FALSE,Neither
11030,용산구,서울특별시,Seoul,221681,-6,605.2936201117823,314.02129561547144,526.4760907114357,296.66342242769326,-78.81752940034653,-17.357873187778182,-13.021371245543763,-5.527610206740062,FALSE,FALSE,Neither
11040,성동구,서울특별시,Seoul,286469,-5,537.1738582534235,309.2388664509365,528.9147985292582,286.9716373226545,-8.259059724165354,-22.267229128281997,-1.5375021694128983,-7.200656691003261,FALSE,FALSE,Neither
11050,광진구,서울특별시,Seoul,347099,-6,489.58019469949494,241.2632049261642,431.2328986672794,203.16324678308823,-58.347296032215525,-38.09995814307598,-11.917821975627339,-15.7918643892408,FALSE,FALSE,Neither
11060,동대문구,서울특별시,Seoul,348201,-2,373.2241090634432,243.55492373657745,349.2021438262467,205.6231969752724,-24.021965237196525,-37.93172676130504,-6.436338021537913,-15.574198287336205,FALSE,FALSE,Neither
11070,중랑구,서울특별시,Seoul,380307,-3,240.33561569994768,123.60184710422544,203.17541507244684,113.69953835110984,-37.16020062750084,-9.902308753115605,-15.461795173085921,-8.011456936210369,TRUE,FALSE,Car only
11080,성북구,서울특별시,Seoul,435509,0,275.92043562819595,212.5617633619512,256.3318586932918,168.89441461795656,-19.588576934904154,-43.66734874399464,-7.099357062954138,-20.543369632118484,FALSE,TRUE,Transit only
11090,강북구,서울특별시,Seoul,292611,-3,169.02794153329847,122.75556113748287,154.39534057116714,100.59037673100948,-14.632600962131335,-22.165184406473387,-8.656912478135288,-18.056358670096408,FALSE,FALSE,Neither
11100,도봉구,서울특별시,Seoul,309200,-2,119.85431435963777,89.79115674859854,108.65573081808816,77.36533180409272,-11.19858354154961,-12.42582494450582,-9.343496395087513,-13.83858432662386,FALSE,FALSE,Neither
11110,노원구,서울특별시,Seoul,503929,-5,146.2527479069472,88.82267045556021,126.69143310364133,78.2404027352078,-19.561314803305876,-10.58226772035242,-13.375006680730332,-11.913926552846599,FALSE,FALSE,Neither
11120,은평구,서울특별시,Seoul,457385,-1,137.2935317074237,81.8434659349709,117.88743851934268,77.77807248757142,-19.40609318808103,-4.065393447399472,-14.134746878997875,-4.967279184668999,FALSE,FALSE,Neither
11130,서대문구,서울특별시,Seoul,314547,-5,356.30836727102786,223.55160702004255,314.17709140201396,192.34558731665877,-42.131275869013905,-31.206019703383788,-11.82438576778258,-13.959201689203695,FALSE,FALSE,Neither
11140,마포구,서울특별시,Seoul,365199,-9,439.08474283883584,269.07936723083395,378.95267308650176,238.96001946243103,-60.132069752334075,-30.119347768402918,-13.6948665907996,-11.193480971197827,FALSE,FALSE,Neither
11150,양천구,서울특별시,Seoul,433373,-9,293.4737535564052,147.78377402376245,263.44030522347055,135.73313234560416,-30.033448332934654,-12.050641678158286,-10.233776604885476,-8.154238689438692,FALSE,FALSE,Neither
11160,강서구,서울특별시,Seoul,559837,-1,184.76382054062165,112.8007220554078,163.4347301553797,100.79558899258858,-21.329090385241955,-12.005133062819226,-11.543975613208648,-10.642780333376143,FALSE,FALSE,Neither
11170,구로구,서울특별시,Seoul,426220,-3,300.2642086246539,142.17987619852033,253.25786436842964,130.0377356633766,-47.00634425622428,-12.142140535143739,-15.654994137174933,-8.53998530578978,TRUE,FALSE,Car only
11180,금천구,서울특별시,Seoul,247398,-2,199.20144059369923,107.35851610225899,173.325355893598,97.11766181295587,-25.876084700101245,-10.240854289303115,-12.989908417820804,-9.538930548880446,FALSE,FALSE,Neither
11190,영등포구,서울특별시,Seoul,402984,-19,455.90038314176246,278.95725471317303,389.1580076096509,239.372915751245,-66.74237553211157,-39.58433896192804,-14.639684018725202,-14.190109163007467,TRUE,FALSE,Car only
11200,동작구,서울특별시,Seoul,388094,-6,412.8792122527017,203.30248470731317,387.434027009365,179.1902137265061,-25.445185243336653,-24.112270980807068,-6.162864219902404,-11.860293304098365,FALSE,FALSE,Neither
11210,관악구,서울특별시,Seoul,495777,-3,230.28832519459354,120.21971202106323,221.58807681945888,110.0674813693974,-8.700248375134663,-10.152230651665832,-3.7779806543744487,-8.444730469731203,FALSE,FALSE,Neither
11220,서초구,서울특별시,Seoul,392302,-11,518.8706175344505,309.00842633141474,482.37372523470736,274.699465565439,-36.49689229974314,-34.30896076597571,-7.033910008851084,-11.102920775752242,FALSE,FALSE,Neither
11230,강남구,서울특별시,Seoul,503019,-16,548.5069172337427,355.0310780175964,522.398245689554,310.6182842089885,-26.108671544188724,-44.412793808607944,-4.759953014970399,-12.509551010744675,FALSE,FALSE,Neither
11240,송파구,서울특별시,Seoul,634720,-15,352.63340055457525,207.50235930804135,341.08341419022616,177.26839996364083,-11.549986364349081,-30.233959344400517,-3.275352347844755,-14.570417148615455,FALSE,FALSE,Neither
11250,강동구,서울특별시,Seoul,451099,-5,189.69334447648964,115.49555714673129,203.08429531463787,95.0462463881381,13.390950838148228,-20.449310758593185,7.0592623452890235,-17.705712032380056,FALSE,FALSE,Neither
21020,서구,부산광역시,Busan,104130,0,129.44936137520406,96.40465123723551,106.63004533946844,63.2786195367224,-22.819316035735625,-33.12603170051311,-17.627986568118096,-34.36144550639529,TRUE,TRUE,Both bottom 20%
21050,부산진구,부산광역시,Busan,351201,-2,207.94580311559477,130.70324780776062,175.29062770635804,81.48056858356483,-32.65517540923673,-49.22267922419579,-15.703695347524798,-37.65987460127456,TRUE,TRUE,Both bottom 20%
21060,동래구,부산광역시,Busan,259838,0,190.90556038762614,110.25130979045917,157.27437775187042,71.37244274914764,-33.63118263575572,-38.87886704131154,-17.61665955012989,-35.26385955432522,TRUE,TRUE,Both bottom 20%
21070,남구,부산광역시,Busan,264756,-1,151.20331172853494,83.60405618758404,121.62212668142347,49.646452822108365,-29.581185047111475,-33.95760336547567,-19.563847318516732,-40.617172077493876,TRUE,TRUE,Both bottom 20%
21080,북구,부산광역시,Busan,279815,0,66.61679681217947,40.09449576803722,59.60609482895431,29.72237784691697,-7.010701983225161,-10.37211792112025,-10.523925374243454,-25.869181598210194,FALSE,TRUE,Transit only
21090,해운대구,부산광역시,Busan,386064,-1,111.09442734883335,48.564343822095125,85.22154299998112,35.480420602455446,-25.872884348852224,-13.08392321963968,-23.289092861167646,-26.94141872393,TRUE,TRUE,Both bottom 20%
21100,사하구,부산광역시,Busan,305790,-4,76.24317014944897,53.616015893260084,62.98315072985617,35.60982422323805,-13.260019419592801,-18.006191670022034,-17.391747213030378,-33.583606260243485,TRUE,TRUE,Both bottom 20%
21140,수영구,부산광역시,Busan,170720,-2,194.5543521555764,101.20894935176507,158.24477734696276,67.06254650844005,-36.30957480861363,-34.14640284332502,-18.662946578331226,-33.73852120986326,TRUE,TRUE,Both bottom 20%
21150,사상구,부산광역시,Busan,211788,0,116.74279468147392,73.21375856989064,87.27853729981513,43.297093967842365,-29.464257381658797,-29.91666460204828,-25.238608911196913,-40.86208000575399,TRUE,TRUE,Both bottom 20%
21510,기장군,부산광역시,Busan,172902,0,9.25906004557495,7.290450659911395,8.495921817281477,6.43128276348817,-0.7631382282934727,-0.8591678964232248,-8.24207019435184,-11.784839326155822,FALSE,FALSE,Neither
22010,중구,대구광역시,Daegu,72834,-5,212.59671307356453,115.76160858939507,188.38546196444184,119.39625570776256,-24.211251109122685,3.6346471183674964,-11.388346865336954,3.139769015528752,FALSE,FALSE,Neither
22020,동구,대구광역시,Daegu,332637,-4,94.5479035705589,29.568172913215708,86.30492656195526,36.175195452373785,-8.242977008603646,6.607022539158077,-8.718307542855356,22.34504836856193,FALSE,FALSE,Neither
22030,서구,대구광역시,Daegu,165455,-3,205.4272460789943,72.06654478055462,182.0137673796129,68.81011920989367,-23.413478699381415,-3.2564255706609515,-11.397455374725743,-4.518637018850969,FALSE,FALSE,Neither
22040,남구,대구광역시,Daegu,144898,0,192.76392358762715,65.19719273787999,170.07810475792692,67.22593132708948,-22.685818829700224,2.028738589209496,-11.76870568282848,3.111696231102886,FALSE,FALSE,Neither
22050,북구,대구광역시,Daegu,444446,-8,102.46772161297436,35.705099532151635,89.79132899062179,37.56812260643285,-12.676392622352566,1.863023074281216,-12.371108113667177,5.217806696221658,FALSE,FALSE,Neither
22060,수성구,대구광역시,Daegu,408085,-5,132.72367276425254,49.78598045341861,117.0144639725457,59.145104446603334,-15.709208791706843,9.359123993184724,-11.836026282673757,18.798713830576112,FALSE,FALSE,Neither
23020,동구,인천광역시,Incheon,61053,0,78.96897777340999,34.93540311969382,74.29260157671315,31.274394694876808,-4.676376196696836,-3.661008424817009,-5.921788946179623,-10.47936505061601,FALSE,FALSE,Neither
23040,연수구,인천광역시,Incheon,399594,-1,73.5603237285845,33.35256952473427,78.58623028035919,28.834308094804427,5.025906551774682,-4.518261429929844,6.832360567523829,-13.546966528558169,FALSE,FALSE,Neither
23050,남동구,인천광역시,Incheon,521165,-2,105.97012846219528,46.077423656615466,101.12854763271191,38.39028042453947,-4.841580829483362,-7.6871432320759965,-4.568816608739501,-16.68310122840892,FALSE,FALSE,Neither
23060,부평구,인천광역시,Incheon,494641,-7,152.04806718407895,69.22797139743774,133.91175750865497,54.79046135722089,-18.136309675423973,-14.43751004021685,-11.928010668801871,-20.855023986375556,FALSE,TRUE,Transit only
23070,계양구,인천광역시,Incheon,290967,1,98.10303917626398,39.388050878621975,92.45839438492163,34.779297019252994,-5.644644791342344,-4.608753859368981,-5.753791970909771,-11.700893434842193,FALSE,FALSE,Neither
23080,서구,인천광역시,Incheon,551026,0,59.958372200222854,24.488250705653336,57.200902792965486,19.978946623612202,-2.7574694072573678,-4.509304082041133,-4.598973097617081,-18.414153531187587,FALSE,FALSE,Neither
23090,미추홀구,인천광역시,Incheon,412022,2,112.75308600026212,55.88016052540884,112.17521768154991,48.20031522553809,-0.5778683187122056,-7.679845299870749,-0.5125077629457185,-13.743420254454538,FALSE,FALSE,Neither
23510,강화군,인천광역시,Incheon,65834,0,2.3146550414679345,1.595024354183755,2.4613410621018628,1.5830578450019623,0.14668602063392822,-0.01196650918179265,6.337273503221508,-0.750239903886386,FALSE,FALSE,Neither
25030,서구,대전광역시,Daejeon,475671,-3,94.79689112853211,51.12995151410674,87.57164878227665,42.89946151391557,-7.225242346255456,-8.230490000191175,-7.62181360616455,-16.097198914652566,FALSE,FALSE,Neither
25040,유성구,대전광역시,Daejeon,367288,0,52.01382838535427,19.73891787008197,47.38470852017937,16.10872900729799,-4.6291198651749,-3.6301888627839816,-8.899786862215162,-18.39102268258694,FALSE,FALSE,Neither
25050,대덕구,대전광역시,Daejeon,175734,-1,64.09946851491459,26.843001354319597,60.74261696714965,20.652458488328996,-3.35685154776494,-6.190542865990601,-5.236941312522539,-23.06203685749326,FALSE,TRUE,Transit only
26020,남구,울산광역시,Ulsan,315307,-2,80.37857706933242,72.40413998632022,68.92414524027912,56.919143949240016,-11.454431829053306,-15.484996037080201,-14.250602892824313,-21.386893125180247,TRUE,TRUE,Both bottom 20%
26510,울주군,울산광역시,Ulsan,224164,1,12.239828875287735,11.552034076241798,9.647525204591444,8.765612968500976,-2.5923036706962908,-2.7864211077408214,-21.179247660317888,-24.120610183027807,TRUE,TRUE,Both bottom 20%
29010,세종시,세종특별자치시,Sejong,366227,0,22.255491812455116,16.334396426260216,22.623156363184478,16.670054703943705,0.3676645507293621,0.3356582776834891,1.6520171912067179,2.0549169306547714,FALSE,FALSE,Neither
31011,수원시 장안구,경기도,Gyeonggi,277786,-3,87.16164601527795,41.25119456464089,79.18661817019066,31.552122205305785,-7.975027845087297,-9.699072359335105,-9.149698531036703,-23.51222179550848,FALSE,TRUE,Transit only
31012,수원시 권선구,경기도,Gyeonggi,368924,1,84.881227569906,41.120020202896356,77.00300119082102,32.880272869664104,-7.878226379084978,-8.239747333232252,-9.28147083240128,-20.038286198730688,FALSE,FALSE,Neither
31014,수원시 영통구,경기도,Gyeonggi,366209,0,120.81068187838092,55.736554808865975,108.16096346239867,47.44605185160941,-12.64971841598225,-8.290502957256564,-10.470695322054894,-14.8744445825306,FALSE,FALSE,Neither
31021,성남시 수정구,경기도,Gyeonggi,244058,-1,137.64595710855616,56.77962820313204,132.43412925423868,45.56037253520154,-5.211827854317477,-11.219255667930504,-3.7864009694139473,-19.75929752092254,FALSE,FALSE,Neither
31022,성남시 중원구,경기도,Gyeonggi,209170,-3,88.45222068174212,55.166453124253,82.95723067429331,41.61213458967239,-5.494990007448806,-13.554318534580617,-6.212382193568889,-24.569856800566516,FALSE,TRUE,Transit only
31023,성남시 분당구,경기도,Gyeonggi,460254,-9,133.4306578541414,75.6066327868235,122.37290152718955,64.11094969722892,-11.057756326951846,-11.495683089594579,-8.287268087248389,-15.204596033270262,FALSE,FALSE,Neither
31030,의정부시,경기도,Gyeonggi,455454,-4,43.42430410096299,31.4235488106373,36.54795997960633,23.942272412335555,-6.876344121356659,-7.481276398301745,-15.835243105724675,-23.80786601597726,TRUE,TRUE,Both bottom 20%
31041,안양시 만안구,경기도,Gyeonggi,240501,-2,93.4703431586563,57.73683754606703,83.1451443636736,42.558303613073505,-10.325198794982711,-15.178533932993524,-11.046497151996915,-26.28916750226038,FALSE,TRUE,Transit only
31042,안양시 동안구,경기도,Gyeonggi,298428,-2,114.79976074631067,81.71173951505891,102.02692311503513,65.1420221017712,-12.772837631275536,-16.569717413287705,-11.126188372031095,-20.278258071147807,FALSE,TRUE,Transit only
31051,부천시 원미구,경기도,Gyeonggi,414997,-7,143.9064089619925,76.69610744174054,126.08072539294999,64.16253823347166,-17.82568356904251,-12.533569208268872,-12.386997700533616,-16.341858311113835,FALSE,FALSE,Neither
31052,부천시 소사구,경기도,Gyeonggi,243011,-2,132.15958536856357,63.807464133996675,113.98765925370614,49.65021302478721,-18.171926114857428,-14.157251109209462,-13.749987232617281,-22.18745299057648,FALSE,TRUE,Transit only
31053,부천시 오정구,경기도,Gyeonggi,164627,-1,164.37677902166718,56.62253457816762,156.34840873173928,48.80682825609333,-8.028370289927892,-7.815706322074284,-4.884126783424585,-13.803172853883241,FALSE,FALSE,Neither
31060,광명시,경기도,Gyeonggi,290345,-1,173.25178666758512,70.48454367505323,142.29215641419478,62.45574510010397,-30.959630253390344,-8.028798574949263,-17.8697321677796,-11.390864090662923,TRUE,FALSE,Car only
31070,평택시,경기도,Gyeonggi,571838,2,16.780035604489385,10.676237559122221,17.113750210507895,8.962699101943057,0.33371460601851055,-1.7135384571791636,1.9887598208029278,-16.050021814239653,FALSE,FALSE,Neither
31091,안산시 상록구,경기도,Gyeonggi,364309,-2,49.99858910979416,22.33460194505214,42.837511272428976,18.02496322121305,-7.161077837365184,-4.30963872383909,-14.322559825917988,-19.295793739426006,TRUE,FALSE,Car only
31092,안산시 단원구,경기도,Gyeonggi,354075,-3,71.36375626632775,34.08489632610793,64.49145785554518,27.109781326387118,-6.872298410782577,-6.975114999720812,-9.629956115447918,-20.463946649525525,FALSE,TRUE,Transit only
31101,고양시 덕양구,경기도,Gyeonggi,468756,-3,46.55843125207997,23.284636356654634,38.042289399369146,18.91904646893355,-8.516141852710824,-4.365589887721082,-18.291298962806806,-18.748799941955795,TRUE,FALSE,Car only
31103,고양시 일산동구,경기도,Gyeonggi,293014,-4,75.95021398294962,40.90710227725182,63.32356037054263,38.19185500951768,-12.62665361240699,-2.715247267734142,-16.624908542379618,-6.637593758979291,TRUE,FALSE,Car only
31104,고양시 일산서구,경기도,Gyeonggi,287743,-3,76.47921930333666,42.11253560758501,63.952598941592804,37.17312689462945,-12.52662036174386,-4.9394087129555615,-16.379116413388054,-11.729069840349176,TRUE,FALSE,Car only
31110,과천시,경기도,Gyeonggi,65880,0,125.01499696417729,46.62368700667881,98.35706289701135,34.62194322954632,-26.65793406716594,-12.00174377713249,-21.32378891694466,-25.74173032564595,TRUE,TRUE,Both bottom 20%
31120,구리시,경기도,Gyeonggi,187798,1,95.37331600975516,30.893069503757584,82.24161422140641,24.837529864662095,-13.13170178834875,-6.055539639095489,-13.768737774626171,-19.601612064993873,FALSE,FALSE,Neither
31130,남양주시,경기도,Gyeonggi,713549,-2,23.179843290369686,9.90212772119831,20.440326591940213,9.044955498799322,-2.7395166984294725,-0.8571722223989884,-11.81852984988744,-8.656444822095844,FALSE,FALSE,Neither
31140,오산시,경기도,Gyeonggi,242297,2,35.52333293437393,11.5389728308646,32.23437448735195,9.770218839200762,-3.288958447021983,-1.7687539916638375,-9.258586329999014,-15.328522023491992,FALSE,FALSE,Neither
31150,시흥시,경기도,Gyeonggi,554074,-2,41.048995260560865,13.641161649887922,38.096836161173705,11.218250052041645,-2.95215909938716,-2.4229115978462765,-7.19179380798034,-17.761768829021857,FALSE,FALSE,Neither
31160,군포시,경기도,Gyeonggi,270443,-4,85.37155703789708,51.071596109593024,73.51767643281212,40.81497492476166,-11.853880605084953,-10.256621184831367,-13.885046749027813,-20.082828746573707,FALSE,TRUE,Transit only
31170,의왕시,경기도,Gyeonggi,160115,-1,89.12482278362427,49.73783946954793,78.80182572292426,34.43463532918142,-10.322997060700004,-15.30320414036651,-11.582628428627569,-30.767729968922197,FALSE,TRUE,Transit only
31180,하남시,경기도,Gyeonggi,305470,0,60.34210560775199,29.772018528824436,71.96434699059776,27.546029057301446,11.622241382845772,-2.2259894715229898,19.260583080071857,-7.476783844427105,FALSE,FALSE,Neither
31191,용인시 처인구,경기도,Gyeonggi,268115,-1,10.703228092423027,6.825150899178834,8.629623547015566,4.8164619867034055,-2.073604545407461,-2.008688912475429,-19.37363688320719,-29.430688671178,TRUE,TRUE,Both bottom 20%
31192,용인시 기흥구,경기도,Gyeonggi,435708,-3,74.30986348655522,24.144065138426043,65.4496560963257,16.67654422124353,-8.860207390229519,-7.467520917182512,-11.923326156873621,-30.929012468980275,FALSE,TRUE,Transit only
31193,용인시 수지구,경기도,Gyeonggi,363524,-4,109.97077496946557,42.84953996618288,100.01190361882082,33.35210597211058,-9.958871350644742,-9.497433994072303,-9.055925406918263,-22.16461133904293,FALSE,TRUE,Transit only
31200,파주시,경기도,Gyeonggi,475212,-1,26.476947130964707,10.259112424209265,22.702341224898504,9.066125084706298,-3.7746059060662027,-1.1929873395029666,-14.256197617480654,-11.628562883157192,TRUE,FALSE,Car only
31210,이천시,경기도,Gyeonggi,229321,0,7.037467131226534,4.148502899138471,7.440118935700387,3.927511168441228,0.4026518044738534,-0.22099173069724287,5.7215443705195215,-5.3270236533554485,FALSE,FALSE,Neither
31220,안성시,경기도,Gyeonggi,203897,0,9.590351991446662,5.695946973226678,8.864465991729645,4.878926438202069,-0.7258859997170166,-0.8170205350246089,-7.568919267659956,-14.343892927110199,FALSE,FALSE,Neither
31230,김포시,경기도,Gyeonggi,491572,-2,25.864087051337343,16.81191429400644,23.57050751224505,14.559587540103253,-2.293579539092292,-2.2523267539031853,-8.8678155719929,-13.397205782247863,FALSE,FALSE,Neither
31240,화성시,경기도,Gyeonggi,906381,1,39.730283401792406,17.371449386810475,34.911101507356115,12.87550265734304,-4.819181894436291,-4.495946729467436,-12.12974457216904,-25.881241279044044,FALSE,TRUE,Transit only
31250,광주시,경기도,Gyeonggi,387700,0,14.37303069383544,6.088274009113576,13.10887406345096,5.233631559432805,-1.2641566303844805,-0.854642449680771,-8.795338000124596,-14.037516189341204,FALSE,FALSE,Neither
31260,양주시,경기도,Gyeonggi,239800,0,11.452835696413677,5.6076897414512095,10.746733619887184,4.692894750180177,-0.7061020765264931,-0.914794991271032,-6.165303469319837,-16.313224044993134,FALSE,FALSE,Neither
31270,포천시,경기도,Gyeonggi,157602,0,5.223569497849012,4.432616125852887,5.072019145699537,3.665126354403362,-0.1515503521494752,-0.7674897714495246,-2.901279521826624,-17.314600444942673,FALSE,FALSE,Neither
31280,여주시,경기도,Gyeonggi,113270,-1,3.6775403902180632,2.1980492039669226,3.141729501486492,1.845058957013802,-0.5358108887315711,-0.35299024695312053,-14.56981655882778,-16.05925137235611,TRUE,FALSE,Car only
33044,청주시 청원구,충청북도,Chungbuk,198303,2,28.695652612416353,12.968358185873807,24.88306137316535,12.099201355810168,-3.8125912392510024,-0.8691568300636394,-13.286302600420136,-6.70213466967928,FALSE,FALSE,Neither
33520,보은군,충청북도,Chungbuk,30929,0,0.8742280707426687,0.5075603263388191,0.8894660226295242,0.5019629899203776,0.015237951886855505,-0.005597336418441512,1.7430179145255145,-1.1027923436838996,FALSE,FALSE,Neither
33530,옥천군,충청북도,Chungbuk,48507,0,2.3808316325478796,1.7395571773146143,2.371689937409726,1.7088854465400907,-0.009141695138153771,-0.030671730774523676,-0.383970668617615,-1.7631918728806706,FALSE,FALSE,Neither
33550,진천군,충청북도,Chungbuk,91779,-1,3.285522832020397,1.8980485732030203,3.086234839256395,1.986849213495048,-0.19928799276400166,0.08880064029202761,-6.065640172144281,4.67852306551742,FALSE,FALSE,Neither
33560,괴산군,충청북도,Chungbuk,37526,0,0.7020732292277354,0.3453481141963794,0.7552583295663041,0.33543755151966387,0.053185100338568714,-0.009910562676715529,7.5754348869093215,-2.8697312275114863,FALSE,FALSE,Neither
33570,음성군,충청북도,Chungbuk,100866,0,1.8923423155473598,0.7844913052961354,1.7762653539167423,0.8819496885405217,-0.11607696163061743,0.09745838324438627,-6.134036145412844,12.423131089718959,FALSE,FALSE,Neither
33580,단양군,충청북도,Chungbuk,26937,0,0.672420833797379,0.6566556533145239,0.6744985456880596,0.6473576851886829,0.0020777118906805114,-0.00929796812584105,0.30898981504588385,-1.4159579802456255,FALSE,FALSE,Neither
33590,증평군,충청북도,Chungbuk,36652,0,3.8156717232347486,3.273409363745498,3.8708357378941294,3.28184950072574,0.05516401465938081,0.008440136980242041,1.4457222387206659,0.25783933637266415,FALSE,FALSE,Neither
34011,천안시 동남구,충청남도,Chungnam,270836,1,39.677768095821826,21.739191491037626,38.026309686023254,17.491224668773373,-1.6514584097985718,-4.247966822264253,-4.162175669282353,-19.540592500947213,FALSE,FALSE,Neither
34012,천안시 서북구,충청남도,Chungnam,413052,-3,43.71603333236493,22.467008592945522,41.94937510117007,18.361125808454556,-1.7666582311948602,-4.105882784490966,-4.0412134782753135,-18.27516452626534,FALSE,FALSE,Neither
37090,문경시,경상북도,Gyeongbuk,67669,0,3.3181515908318433,2.61818804277685,3.32047794393928,2.5569048871521254,0.002326353107436674,-0.06128315562472464,0.07010991040507192,-2.3406705180628555,FALSE,FALSE,Neither
37100,경산시,경상북도,Gyeongbuk,293418,-3,19.812489349664983,11.419286933089769,17.100508343649754,11.14781826011768,-2.711981006015229,-0.2714686729720892,-13.68823956521691,-2.3772821767482877,FALSE,FALSE,Neither
37560,청도군,경상북도,Gyeongbuk,40071,0,1.1236305557635198,0.704865530350295,1.0598380323935213,0.718493801239752,-0.06379252336999852,0.013628270889457061,-5.6773574768666535,1.9334568513634451,FALSE,FALSE,Neither
37590,칠곡군,경상북도,Gyeongbuk,114564,-1,8.689221745050801,1.7040998917635557,6.9045658649357575,1.5654411001941346,-1.7846558801150438,-0.13865879156942107,-20.538730998913067,-8.13677603288411,TRUE,FALSE,Car only
37600,예천군,경상북도,Gyeongbuk,54267,1,2.1806807083494575,2.1182603300962524,2.727383299854413,2.533634336472366,0.5467025915049555,0.41537400637611377,25.070272296706424,19.60920480237854,FALSE,FALSE,Neither
37620,울진군,경상북도,Gyeongbuk,46369,0,0.9054109426556536,0.7443263099628343,0.9028601439919469,0.709630829157275,-0.002550798663706666,-0.03469548080555929,-0.2817282786780706,-4.661326670998866,FALSE,FALSE,Neither
37630,울릉군,경상북도,Gyeongbuk,8169,0,0.9905741216795202,0.6246378585710206,1.0038013779995247,0.5531004989308624,0.013227256320004543,-0.07153735964015817,1.3353121215783132,-11.4526134877277,FALSE,FALSE,Neither
38030,진주시,경상남도,Gyeongnam,353389,-4,27.847711728435236,22.278473108481965,23.63041243625672,17.23939239062189,-4.217299292178517,-5.039080717860074,-15.144150202733684,-22.61860897433573,TRUE,TRUE,Both bottom 20%
38050,통영시,경상남도,Gyeongnam,124829,-1,8.794326638841936,6.925974733435339,7.034630753292881,5.431522317048438,-1.7596958855490543,-1.4944524163869009,-20.00944424530468,-21.57750315161257,TRUE,TRUE,Both bottom 20%
38070,김해시,경상남도,Gyeongnam,547995,-4,25.827419958211298,16.947048786941487,22.597274874606324,13.655437128193165,-3.230145083604974,-3.2916116587483213,-12.506650253224445,-19.42291958989736,FALSE,FALSE,Neither
38115,창원시 진해구,경상남도,Gyeongnam,192365,-2,15.729748135055754,8.897781994299033,12.187721598657296,6.635115738312529,-3.542026536398458,-2.2626662559865034,-22.518011769715493,-25.42955376335624,TRUE,TRUE,Both bottom 20%
38520,함안군,경상남도,Gyeongnam,63233,0,2.4112409659513228,1.6011207228293245,2.4867547005935053,1.3539478551782929,0.07551373464218258,-0.24717286765103164,3.131737379569182,-15.43749101031276,FALSE,FALSE,Neither
38540,고성군,경상남도,Gyeongnam,48803,0,1.5842878511566911,1.1813720468004016,1.6154984583761562,1.0806337786913327,0.031210607219465114,-0.10073826810906894,1.9700086191204584,-8.527226319761496,FALSE,FALSE,Neither
38550,남해군,경상남도,Gyeongnam,40870,0,1.1698556398336188,0.8123725634124459,1.1515891804765024,0.7138702798905288,-0.01826645935711646,-0.09850228352191714,-1.5614284989654263,-12.125259758669005,FALSE,FALSE,Neither
38560,하동군,경상남도,Gyeongnam,40167,0,0.6521522642965618,0.4952614501124472,0.6363450479233227,0.516136315228967,-0.01580721637323912,0.02087486511651976,-2.423853636434036,4.2149182238553395,FALSE,FALSE,Neither
38570,산청군,경상남도,Gyeongnam,33014,0,0.5841461198279517,0.3409159750408917,0.6095707162835948,0.34485589201021527,0.0254245964556431,0.003939916969323554,4.352437787848594,1.1556856403842541,FALSE,FALSE,Neither
38580,함양군,경상남도,Gyeongnam,36541,0,1.4095947018417667,1.1793282431606507,1.4108153781157584,1.1148007322912266,0.0012206762739916943,-0.0645275108694241,0.08659767750238895,-5.4715479972299805,FALSE,FALSE,Neither
38590,거창군,경상남도,Gyeongnam,59238,0,3.2325534285424897,2.854336180604792,3.1740458797023283,2.811975148494572,-0.058507548840161405,-0.04236103211021991,-1.8099483932286182,-1.4840940039951507,FALSE,FALSE,Neither
39010,제주시,제주특별자치도,Jeju,493869,-1,36.003138484091934,18.253680631908463,32.07309611686338,15.530934464460243,-3.930042367228552,-2.7227461674482196,-10.915832709876252,-14.916148815974713,FALSE,FALSE,Neither
39020,서귀포시,제주특별자치도,Jeju,179238,0,6.919576205938473,5.121398178213697,7.06232410299425,4.832638942539392,0.14274789705577717,-0.2887592356743056,2.0629572217626424,-5.6382891082884425,FALSE,FALSE,Neither
21010,중구,부산광역시,Busan,41539,0,148.75967163388623,115.8840487252943,123.89663348729222,77.89389598307275,-24.863038146594008,-37.990152742221554,-16.713560788023692,-32.78290080481918,TRUE,TRUE,Both bottom 20%
21030,동구,부산광역시,Busan,86035,-2,188.97067472540246,135.14574688595727,166.52166855287675,88.57634578231992,-22.449006172525714,-46.56940110363735,-11.879624288343612,-34.45865088372698,FALSE,TRUE,Transit only
21110,금정구,부산광역시,Busan,233596,-2,107.54337831127245,57.744773740417926,93.88178376673126,41.174962068292096,-13.661594544541188,-16.56981167212583,-12.703334002581926,-28.69491141590177,FALSE,TRUE,Transit only
22510,달성군,대구광역시,Daegu,264854,-2,30.92808113149131,10.372142765448134,28.663262745979143,9.63225860809976,-2.264818385512168,-0.7398841573483743,-7.322854514909123,-7.133378069313601,FALSE,FALSE,Neither
24010,동구,광주광역시,Gwangju,108676,0,98.29296256763223,59.259608070472474,89.84420975574918,48.94937776746179,-8.448752811883054,-10.310230303010684,-8.595480888135546,-17.398411225989875,FALSE,FALSE,Neither
24020,서구,광주광역시,Gwangju,290565,-3,126.06601276822742,55.89167369320691,116.74120289844866,47.008146898861796,-9.324809869778761,-8.883526794345116,-7.396767506974651,-15.89418639188975,FALSE,FALSE,Neither
24030,남구,광주광역시,Gwangju,216266,-2,95.50132706944225,47.261567544906114,86.75508660464412,41.02159206943499,-8.746240464798134,-6.239975475471127,-9.158239715808813,-13.203064984127206,FALSE,FALSE,Neither
24040,북구,광주광역시,Gwangju,436997,-1,98.28239324297421,39.49108155586118,91.65958618901797,32.765967337371606,-6.622807053956237,-6.725114218489573,-6.738548823880694,-17.02945058361271,FALSE,FALSE,Neither
25010,동구,대전광역시,Daejeon,233721,0,64.4418601666089,34.470376360418335,64.47945979299017,27.69717063392053,0.03759962638126524,-6.773205726497807,0.058346587581510886,-19.649352405317362,FALSE,FALSE,Neither
31013,수원시 팔달구,경기도,Gyeonggi,195418,-3,116.96103224882047,66.35683935631997,107.8176363593414,55.91852061827258,-9.143395889479066,-10.438318738047386,-7.817471950852482,-15.730584577719519,FALSE,FALSE,Neither
37610,봉화군,경상북도,Gyeongbuk,29168,0,0.5862246297312123,0.4042158072773816,0.5842419978895533,0.3753194981826709,-0.0019826318416589217,-0.028896309094710693,-0.33820343620976334,-7.148733071411387,FALSE,FALSE,Neither
34020,공주시,충청남도,Chungnam,106915,0,4.6070897441893095,4.006263542689676,4.109035242374263,3.320064519390573,-0.4980545018150462,-0.6861990232991029,-10.81060993967433,-17.128154850202666,FALSE,FALSE,Neither
34030,보령시,충청남도,Chungnam,97390,0,4.278847930999076,3.1131741794160934,4.33984931365466,3.123012350775794,0.06100138265558375,0.009838171359700443,1.4256496991548944,0.3160173762441294,FALSE,FALSE,Neither
34040,아산시,충청남도,Chungnam,348727,0,16.793345510958428,7.465840518992411,16.53302162322904,5.767992806417581,-0.2603238877293883,-1.6978477125748297,-1.5501609703648092,-22.741548098377688,FALSE,TRUE,Transit only
35011,전주시 완산구,전북특별자치도,Jeonbuk,342394,-2,72.07651419125335,60.78810960472438,68.56336376153807,59.471239696857886,-3.5131504297152816,-1.3168699078664972,-4.874195803078404,-2.1663281132271823,FALSE,FALSE,Neither
35012,전주시 덕진구,전북특별자치도,Jeonbuk,328017,-1,62.78839816229037,51.148299224328824,58.94940541273073,50.359202473828,-3.838992749559644,-0.7890967505008248,-6.114175328437152,-1.5427624426766646,FALSE,FALSE,Neither
36020,여수시,전라남도,Jeonnam,268687,-3,17.610386806953816,15.608388198908022,14.201457036859741,13.171418117719803,-3.4089297700940744,-2.4369700811882193,-19.35749513888014,-15.613207783739721,TRUE,FALSE,Car only
21130,연제구,부산광역시,Busan,201217,-2,221.0220508207557,138.81980564929071,187.43410532467468,92.31560960782437,-33.58794549608103,-46.504196041466344,-15.196649099650314,-33.499683870004,TRUE,TRUE,Both bottom 20%
23010,중구,인천광역시,Incheon,141758,-1,24.51062373904824,12.503323739518523,23.07945285585345,9.811568547686544,-1.4311708831947882,-2.6917551918319784,-5.838981897938275,-21.528317173171367,FALSE,TRUE,Transit only
24050,광산구,광주광역시,Gwangju,422758,-1,65.75479588795481,20.86569463696331,62.09032769568685,17.62561588153996,-3.664468192267961,-3.2400787554233474,-5.572929157155563,-15.52825732282878,FALSE,FALSE,Neither
25020,중구,대전광역시,Daejeon,227326,-1,91.94777104246765,46.65754393836752,87.74398071650354,38.45597963914562,-4.203790325964107,-8.2015642992219,-4.571932824801717,-17.578216954702526,FALSE,FALSE,Neither
26030,동구,울산광역시,Ulsan,155578,0,14.201905153684969,16.70105884722347,13.597309496979074,13.367098318594776,-0.6045956567058948,-3.3339605286286957,-4.257144729269089,-19.962569793489244,FALSE,FALSE,Neither
33043,청주시 흥덕구,충청북도,Chungbuk,273483,-1,40.689721116120566,16.063550568042622,33.11092987057293,13.383769258287904,-7.5787912455476345,-2.679781309754718,-18.62581270566892,-16.682372296234227,TRUE,FALSE,Car only
34060,논산시,충청남도,Chungnam,117262,0,5.967048148590337,3.808146145668105,4.948544317446625,3.635143411688592,-1.018503831143712,-0.17300273397951305,-17.068805308439227,-4.542964669995912,TRUE,FALSE,Car only
35040,정읍시,전북특별자치도,Jeonbuk,104463,0,4.998851267913041,3.569689746608847,4.995024730018438,3.378271727784444,-0.003826537894603632,-0.191418018824403,-0.07654834460000176,-5.3623152826165725,FALSE,FALSE,Neither
35050,남원시,전북특별자치도,Jeonbuk,76551,0,3.8353385324816136,2.869250564982822,3.8308206132467744,2.7185865278858277,-0.0045179192348392405,-0.15066403709699427,-0.11779714350054964,-5.250989193336494,FALSE,FALSE,Neither
35060,김제시,전북특별자치도,Jeonbuk,77998,0,3.0239236903510345,2.097607203603511,2.8758143680253068,2.072204996882702,-0.1481093223257277,-0.025402206720809062,-4.897918647825876,-1.2110087473560458,FALSE,FALSE,Neither
36060,광양시,전라남도,Jeonnam,144226,-2,10.525598713130782,6.7005743301022935,8.489889942867999,4.93614356733479,-2.035708770262783,-1.7644307627675033,-19.340550839385674,-26.332530255515678,TRUE,TRUE,Both bottom 20%
36510,담양군,전라남도,Jeonnam,44034,0,2.1731616478175955,0.7961158801532149,2.209012179238169,0.6458195279117063,0.035850531420573706,-0.1502963522415086,1.6496946491107425,-18.878702961255293,FALSE,FALSE,Neither
37020,경주시,경상북도,Gyeongbuk,261102,0,9.220756639167835,6.7738801949685055,8.113412072985106,6.146054347058181,-1.1073445661827286,-0.6278258479103247,-12.009259212839018,-9.268334098625783,FALSE,FALSE,Neither
37050,구미시,경상북도,Gyeongbuk,413963,-1,22.761879684899377,8.23928483141408,16.28198734593504,6.741458587960804,-6.479892338964337,-1.497826243453276,-28.468177622708414,-18.179080758835827,TRUE,FALSE,Car only
37520,의성군,경상북도,Gyeongbuk,48021,0,0.6461339830490826,0.5414506153557819,0.6655467445742905,0.5218697829716193,0.019412761525207878,-0.019580832384162528,3.004448308630938,-3.616365339486438,FALSE,FALSE,Neither
37530,청송군,경상북도,Gyeongbuk,23288,0,0.30513569220199244,0.21169701133631055,0.2631282739512533,0.2058097753149487,-0.042007418250739115,-0.005887236021361847,-13.76679927136522,-2.7809726666424885,FALSE,FALSE,Neither
37550,영덕군,경상북도,Gyeongbuk,33927,0,0.6958469655436673,0.45792436702331474,0.6671443926907918,0.45418806481149726,-0.028702572852875474,-0.003736302211817477,-4.124839838950805,-0.8159212483286016,FALSE,FALSE,Neither
38100,양산시,경상남도,Gyeongnam,352610,1,18.994288307194918,12.311847839444901,16.936313169823105,10.494167785090125,-2.0579751373718125,-1.817680054354776,-10.834705170776335,-14.763665682508378,FALSE,FALSE,Neither
38112,창원시 성산구,경상남도,Gyeongnam,249909,4,69.67174851645999,54.434695562518094,62.03238542060375,46.25151320942819,-7.639363095856233,-8.183182353089904,-10.964793131395904,-15.033026764504529,FALSE,FALSE,Neither
38114,창원시 마산회원구,경상남도,Gyeongnam,186464,4,35.929321477604255,29.265022560208227,31.307656421819637,23.505149266717762,-4.621665055784618,-5.759873293490465,-12.863212734661383,-19.68176611393489,FALSE,FALSE,Neither
38530,창녕군,경상남도,Gyeongnam,59664,0,1.2551119603110754,0.7170353982300884,1.2408208636169302,0.6874613082513895,-0.014291096694145189,-0.029574089978698925,-1.1386312254249564,-4.124495115819783,FALSE,FALSE,Neither
37540,영양군,경상북도,Gyeongbuk,15558,0,0.7225864507006042,0.5465998200282812,0.7455418832664341,0.5432651181154176,0.02295543256582988,-0.003334701912863669,3.1768423755486683,-0.6100810484517047,FALSE,FALSE,Neither
26010,중구,울산광역시,Ulsan,209555,1,87.08789100713416,70.11465724988666,72.38343962188135,53.30597017369744,-14.70445138525281,-16.808687076189223,-16.884610725098664,-23.973143042379196,TRUE,TRUE,Both bottom 20%
26040,북구,울산광역시,Ulsan,216149,0,29.2177386895151,24.582371419715106,22.6764300803097,17.50540206032068,-6.541308609205402,-7.076969359394425,-22.388141254589204,-28.78879843837476,TRUE,TRUE,Both bottom 20%
31080,동두천시,경기도,Gyeonggi,94912,0,9.53735038772758,6.3939368397392675,8.286678130579073,5.37772131009883,-1.2506722571485067,-1.0162155296404372,-13.113414169598297,-15.893424585061688,FALSE,FALSE,Neither
34070,계룡시,충청남도,Chungnam,41415,-1,4.085959193528915,3.3132882610970262,3.0929677390567134,2.0604948462808443,-0.9929914544722012,-1.252793414816182,-24.302529894200575,-37.81118079962603,TRUE,TRUE,Both bottom 20%
35030,익산시,전북특별자치도,Jeonbuk,280150,-4,21.00624308406211,13.3102980546136,18.49172954255513,11.868060263653485,-2.514513541506979,-1.4422377909601156,-11.970315355508736,-10.835503345172716,FALSE,FALSE,Neither
35550,임실군,전북특별자치도,Jeonbuk,24997,0,0.5861503380405648,0.3611633396007521,0.5791341956016157,0.3564812925863968,-0.007016142438949102,-0.004682047014355262,-1.1969868451160983,-1.2963793666131864,FALSE,FALSE,Neither
35560,순창군,전북특별자치도,Jeonbuk,25483,0,1.2431032453007889,0.9972203691349789,1.3671160517187007,1.0426915799432355,0.12401280641791179,0.04547121080825656,9.976066500245109,4.55979562949559,FALSE,FALSE,Neither
35570,고창군,전북특별자치도,Jeonbuk,51180,0,1.1813012895662367,0.9741376839911424,1.222546372040764,0.9460619082349385,0.041245082474527406,-0.028075775756203902,3.4914955937847347,-2.8821157642905835,FALSE,FALSE,Neither
36040,나주시,전라남도,Jeonnam,115138,-2,7.923813163334433,5.506026102010921,7.624218028920111,4.768126346015793,-0.2995951344143224,-0.7378997559951275,-3.780946474112083,-13.401675588236502,FALSE,FALSE,Neither
36640,영광군,전라남도,Jeonnam,48981,0,1.3365386578469203,0.9862769917587092,1.3953690420867597,1.0228921261592547,0.05883038423983944,0.036615134400545535,4.4016971671146035,3.7124595530971645,FALSE,FALSE,Neither
36650,장성군,전라남도,Jeonnam,40604,0,1.9465816175746231,0.5970667914491183,2.283350337173713,0.645225238675857,0.3367687195990898,0.048158447226738677,17.300518845888035,8.065839185236733,FALSE,FALSE,Neither
37012,포항시 북구,경상북도,Gyeongbuk,272382,0,31.92868838616355,19.066977015123367,23.28559097493789,14.898448035587847,-8.64309741122566,-4.16852897953552,-27.070004588635683,-21.86255837109975,TRUE,TRUE,Both bottom 20%
37040,안동시,경상북도,Gyeongbuk,158064,-1,10.386659833991295,7.925589845463441,9.072117530615017,6.995223647580665,-1.3145423033762782,-0.9303661978827762,-12.656063877959287,-11.738762868423125,FALSE,FALSE,Neither
38090,거제시,경상남도,Gyeongnam,242426,0,9.106069480996263,5.2795478482781,7.383046117877748,4.6201214223764095,-1.7230233631185152,-0.6594264259016906,-18.92170235153977,-12.490206450477752,TRUE,FALSE,Car only
38111,창원시 의창구,경상남도,Gyeongnam,216915,1,52.24867805361547,32.16348800221285,47.45378433310336,24.62277250492582,-4.794893720512114,-7.540715497287032,-9.177062270535895,-23.444955648990025,FALSE,TRUE,Transit only
38113,창원시 마산합포구,경상남도,Gyeongnam,180049,2,31.498508739287637,24.447672578020427,26.324433040516315,19.112527264850005,-5.174075698771322,-5.335145313170422,-16.426414791877978,-21.822712555333226,TRUE,TRUE,Both bottom 20%
21120,강서구,부산광역시,Busan,142110,-1,36.00915488002252,20.523762109164263,29.8874339009868,12.980498767077023,-6.121720979035722,-7.54326334208724,-17.00045724325506,-36.75380420979945,TRUE,TRUE,Both bottom 20%
22070,달서구,대구광역시,Daegu,554702,-9,127.83940205732087,41.26400151192292,112.95351779271103,38.06239364999395,-14.885884264609842,-3.20160786192897,-11.644206735209291,-7.758840017015532,FALSE,FALSE,Neither
31570,가평군,경기도,Gyeonggi,59714,-1,0.80433399202867,0.6035463487066126,0.8701517706576728,0.650827308700516,0.06581777862900284,0.04728095999390336,8.182891594945401,7.833857349187098,FALSE,FALSE,Neither
31580,양평군,경기도,Gyeonggi,115616,0,0.9449124688624412,0.5687926699880064,0.9785869929601073,0.5969999441278355,0.033674524097666136,0.028207274139829153,3.5637717997526415,4.959148671944724,FALSE,FALSE,Neither
32020,원주시,강원특별자치도,Gangwon,357224,-1,20.803809374510113,10.116674691510088,18.511885057219274,8.16600486327297,-2.291924317290839,-1.9506698282371175,-11.016849251171381,-19.281729300578572,FALSE,FALSE,Neither
33041,청주시 상당구,충청북도,Chungbuk,189611,-3,39.91700903428598,17.375533768258876,32.27595707289404,13.858741324851906,-7.641051961391945,-3.5167924434069704,-19.14234594788603,-20.239910268721328,TRUE,TRUE,Both bottom 20%
33042,청주시 서원구,충청북도,Chungbuk,195526,-2,54.04105336374702,24.39278152266195,45.0133745172163,19.864491877623085,-9.02767884653072,-4.528289645038864,-16.705223685715314,-18.564056095168514,TRUE,FALSE,Car only
34080,당진시,충청남도,Chungnam,169507,-1,4.711180069259677,3.276542168366695,4.723877568517619,3.2803408495517896,0.012697499257941836,0.0037986811850947433,0.2695184448752591,0.11593567211705769,FALSE,FALSE,Neither
34510,금산군,충청남도,Chungnam,52436,0,1.5783621939125791,1.1788624863325452,1.488498607032603,1.1443672665210953,-0.0898635868799762,-0.03449521981144987,-5.69347056249584,-2.926144500429808,FALSE,FALSE,Neither
35020,군산시,전북특별자치도,Jeonbuk,267635,-3,25.112907504623834,16.506746750860938,21.387313556388374,13.374707760770209,-3.72559394823546,-3.132038990090729,-14.835374787047245,-18.974296009765656,TRUE,FALSE,Car only
37011,포항시 남구,경상북도,Gyeongbuk,228869,-3,31.923755510794386,17.02011048532858,25.238150844290903,15.26807043983032,-6.685604666503483,-1.7520400454982603,-20.942412819327846,-10.293940494737255,TRUE,FALSE,Car only
37070,영천시,경상북도,Gyeongbuk,99859,-1,4.806056539721006,3.720669477296321,4.309099231779644,3.607634438562274,-0.4969573079413623,-0.11303503873404708,-10.34023016238196,-3.038029564942319,FALSE,FALSE,Neither
37570,고령군,경상북도,Gyeongbuk,30399,0,1.1071745781111222,0.8935381646326086,1.1491578740415493,0.7545546890359788,0.041983295930427156,-0.13898347559662982,3.79193098906336,-15.554285322974975,FALSE,FALSE,Neither
37580,성주군,경상북도,Gyeongbuk,40804,0,1.2554161356729732,0.7827002254680914,1.2204854770773987,0.7623580778938313,-0.034930658595574426,-0.020342147574260117,-2.782396816721624,-2.5989704502888777,FALSE,FALSE,Neither
21040,영도구,부산광역시,Busan,112834,-1,66.2136855912225,47.9616737862701,56.877016884695905,31.810686327388186,-9.336668706526595,-16.15098745888191,-14.100814088748285,-33.67477859687504,FALSE,TRUE,Transit only
33020,충주시,충청북도,Chungbuk,215349,-2,11.263483926092064,8.022121455559734,10.416491504236307,7.097581678164113,-0.8469924218557576,-0.924539777395621,-7.519808501645608,-11.524878830585,FALSE,FALSE,Neither
36010,목포시,전라남도,Jeonnam,221178,-2,27.199002613279802,20.13070317421564,26.250474879559533,18.175433968035485,-0.9485277337202689,-1.955269206180155,-3.4873621919399134,-9.712870878174572,FALSE,FALSE,Neither
36620,무안군,전라남도,Jeonnam,90094,-2,11.52337558549959,8.350032558586959,10.546524229756928,8.173714787045025,-0.9768513557426619,-0.1763177715419335,-8.477128498457347,-2.11158184479907,FALSE,FALSE,Neither
36630,함평군,전라남도,Jeonnam,29369,0,1.2317409513432531,0.5918882722144665,1.220342458730647,0.5740455928090502,-0.01139849261260606,-0.017842679405416284,-0.925396902666558,-3.0145350470723833,FALSE,FALSE,Neither
31550,연천군,경기도,Gyeonggi,41642,0,1.3030594111714136,1.2783687943262412,1.2705391762382032,1.115177083587355,-0.032520234933210324,-0.16319171073888628,-2.4956832094075856,-12.76562064587127,FALSE,FALSE,Neither
32010,춘천시,강원특별자치도,Gangwon,287104,0,21.802782267053054,12.845629110008916,21.739972786696935,12.529947738606424,-0.062809480356119,-0.3156813714024924,-0.2880801155870487,-2.457500280437984,FALSE,FALSE,Neither
32030,강릉시,강원특별자치도,Gangwon,216560,-1,13.487426117473218,6.584921038049501,12.157667012807199,5.471789546555902,-1.329759104666019,-1.1131314914935988,-9.859250334971554,-16.90424964948883,FALSE,FALSE,Neither
35510,완주군,전북특별자치도,Jeonbuk,95029,1,4.319870776289343,3.4356898069712054,4.287865586820063,3.228099773601843,-0.032005189469280104,-0.20759003336936255,-0.7408830293014398,-6.042164602524676,FALSE,FALSE,Neither
36030,순천시,전라남도,Jeonnam,273827,-1,19.54353661253273,14.373225308923761,16.92629787421749,11.75984379805495,-2.6172387383152405,-2.6133815108688108,-13.391837875632383,-18.182290019806942,FALSE,FALSE,Neither
36600,해남군,전라남도,Jeonnam,63242,-1,1.5289839031023686,1.271768234190359,1.4455082534142398,1.2466738180246242,-0.08347564968812882,-0.025094416165734712,-5.459550589038474,-1.973190986462284,FALSE,FALSE,Neither
36610,영암군,전라남도,Jeonnam,55998,-1,1.5304475159827136,0.5629457004416825,1.5966593509691902,0.6474420189091233,0.06621183498647665,0.08449631846744088,4.326305495289164,15.00967471661046,FALSE,FALSE,Neither
37060,영주시,경상북도,Gyeongbuk,102414,0,6.279356338000664,5.4378096093633035,6.338409020790414,5.50601286504311,0.0590526827897504,0.06820325567980667,0.9404257317327633,1.2542413320681227,FALSE,FALSE,Neither
34050,서산시,충청남도,Chungnam,177497,-1,5.793241575913959,4.129582471816425,5.434250747405077,4.045296386702348,-0.3589908285088823,-0.0842860851140772,-6.196717740917732,-2.0410316464028235,FALSE,FALSE,Neither
34550,청양군,충청남도,Chungnam,30103,0,0.6640866358834667,0.5069705123520358,0.6927799279327372,0.507935183949464,0.028693292049270513,9.646715974281905e-4,4.3207151746245325,0.19028159901306668,FALSE,FALSE,Neither
34560,홍성군,충청남도,Chungnam,101618,-1,6.415585821409593,3.533513747564408,5.050182472629106,2.7828509056974786,-1.3654033487804869,-0.7506628418669292,-21.28259814129474,-21.24409003316737,TRUE,TRUE,Both bottom 20%
34570,예산군,충청남도,Chungnam,76490,0,2.683265786377304,1.8185231184904347,2.8817857097779855,1.9341087228161407,0.19851992340068136,0.11558560432570597,7.398444254331752,6.356015117457191,FALSE,FALSE,Neither
34580,태안군,충청남도,Chungnam,60285,0,1.2508750103674213,1.0221061071023747,1.2329631832903696,1.0203621080926255,-0.017911827077051745,-0.0017439990097491975,-1.4319437936321453,-0.17062798056195527,FALSE,FALSE,Neither
38080,밀양시,경상남도,Gyeongnam,101837,0,3.5187014542847885,2.6703522950073815,3.5351184566567384,2.7250060023230613,0.016417002371949874,0.05465370731567987,0.46656423073229425,2.046685278862383,FALSE,FALSE,Neither
22520,군위군,대구광역시,Daegu,21285,0,0.48461357763683344,0.38325111580925536,0.4897013624478187,0.36985641543190056,0.005087784810985263,-0.013394700377354796,1.0498642724364646,-3.4950192771314352,FALSE,FALSE,Neither
33030,제천시,충청북도,Chungbuk,133750,-1,8.46785046728972,6.211034267912773,7.986434417819932,6.068219298845595,-0.48141604946978855,-0.14281496906717717,-5.685221430508728,-2.2993749978966123,FALSE,FALSE,Neither
36560,보성군,전라남도,Jeonnam,36981,0,0.8260728482193559,0.6768565840116095,0.8026421916284244,0.6920548834190886,-0.023430656590931465,0.015198299407479077,-2.836391081178554,2.245423885426576,FALSE,FALSE,Neither
36570,화순군,전라남도,Jeonnam,60136,0,3.6360416389517094,3.262042148906922,3.2903595376891195,2.865844481135784,-0.3456821012625899,-0.39619766777113785,-9.50709963162721,-12.145694313113022,FALSE,FALSE,Neither
37030,김천시,경상북도,Gyeongbuk,137962,-1,7.768950870529566,5.185764920775286,6.525809057367207,4.856879868231778,-1.2431418131623593,-0.32888505254350786,-16.001411694827993,-6.342074073314119,TRUE,FALSE,Car only
32040,동해시,강원특별자치도,Gangwon,87264,0,7.573248991565824,4.603137987409852,7.669887035791329,3.7923422483047635,0.09663804422550548,-0.8107957391050884,1.2760447244390003,-17.613978579888638,FALSE,FALSE,Neither
34530,부여군,충청남도,Chungnam,62415,-1,1.727501401906593,1.4438997035968917,1.367988719647161,1.0219158017849628,-0.3595126822594321,-0.4219839018119289,-20.811136932372293,-29.22529180944679,TRUE,TRUE,Both bottom 20%
34540,서천군,충청남도,Chungnam,50012,0,3.561645205150764,0.83079994134741,2.8892562989410475,0.8524161155515885,-0.6723889062097164,0.021616174204178495,-18.878604338167204,2.6018507137977043,TRUE,FALSE,Car only
35520,진안군,전북특별자치도,Jeonbuk,22760,0,0.8763620386643234,0.6980008787346221,0.8412205051875848,0.6594142625749683,-0.03514153347673854,-0.038586616159653864,-4.009933329642881,-5.528161544668253,FALSE,FALSE,Neither
35530,무주군,전북특별자치도,Jeonbuk,22305,0,1.0072181125308226,0.921049092131809,1.017945627427347,0.9377259943752511,0.01072751489652446,0.016676902243442093,1.0650637397266005,1.8106420587031535,FALSE,FALSE,Neither
35540,장수군,전북특별자치도,Jeonbuk,20335,1,0.29589377919842635,0.1731005655274158,0.2952194436075123,0.1710354524455157,-6.743355909140658e-4,-0.0020651130819000774,-0.2278978600837216,-1.1930134806942634,FALSE,FALSE,Neither
38060,사천시,경상남도,Gyeongnam,109646,1,3.412381664629809,1.7931813898059816,3.505210626742991,2.069347356768922,0.09282896211318237,0.2761659669629404,2.72035695993147,15.40089410546587,FALSE,FALSE,Neither
38510,의령군,경상남도,Gyeongnam,25325,0,1.1423494570582429,0.8250740375123395,1.1213598098844,0.86905385266041,-0.020989647173842885,0.04397981514807048,-1.8374103514606672,5.330408320769968,FALSE,FALSE,Neither
35580,부안군,전북특별자치도,Jeonbuk,47756,0,1.9381020185945221,1.4711868665717396,2.0066804686999764,1.5291148201111278,0.06857845010545427,0.05792795353938818,3.538433449194082,3.9374980062441596,FALSE,FALSE,Neither
36520,곡성군,전라남도,Jeonnam,26781,0,0.4938575856017326,0.379746835443038,0.4995242263921136,0.3479237239751837,0.0056666407903809835,-0.031823111467854326,1.1474240662875632,-8.380086019868305,FALSE,FALSE,Neither
36530,구례군,전라남도,Jeonnam,23543,0,1.0485494626852991,0.6810205439691911,1.054424740106578,0.6537848344544422,0.005875277421278913,-0.02723570951474885,0.560324298505912,-3.999249326020476,FALSE,FALSE,Neither
36550,고흥군,전라남도,Jeonnam,58873,0,0.6653644285156184,0.42795225881700155,0.6857580658891632,0.4463323969240373,0.020393637373544826,0.01838013810703576,3.0650327098251418,4.294903865642492,FALSE,FALSE,Neither
32050,태백시,강원특별자치도,Gangwon,40395,0,3.2350043322193343,2.180360605685522,3.2556148340923876,2.1134851442203426,0.020610501873053355,-0.06687546146517942,0.6371089419504355,-3.0671743605527704,FALSE,FALSE,Neither
32060,속초시,강원특별자치도,Gangwon,80362,0,7.73348099848187,6.824131222883121,7.740561760065592,6.362444149057315,0.007080761583722506,-0.4616870738258063,0.09155982390223112,-6.765506974391805,FALSE,FALSE,Neither
32070,삼척시,강원특별자치도,Gangwon,64464,0,2.4800508811119384,2.025747187060478,2.7709861194170786,1.9469951633040612,0.29093523830514023,-0.07875202375641699,11.731018928720466,-3.8875543927419938,FALSE,FALSE,Neither
32510,홍천군,강원특별자치도,Gangwon,65658,0,1.8461573608699626,1.3932777930082143,1.8347386690012133,1.38000762823368,-0.011418691868749331,-0.013270164774534354,-0.6185112986992893,-0.9524421361717719,FALSE,FALSE,Neither
32520,횡성군,강원특별자치도,Gangwon,44712,0,0.8085077831454643,0.6805220075147611,0.7958243246194501,0.6473061215575794,-0.012683458526014268,-0.03321588595718172,-1.5687490943710924,-4.880942216473615,FALSE,FALSE,Neither
32530,영월군,강원특별자치도,Gangwon,35728,0,1.9235613524406627,1.6366715181370355,1.8984289367921081,1.6159701338729473,-0.025132415648554618,-0.020701384264088185,-1.3065564878742224,-1.264846613060868,FALSE,FALSE,Neither
36660,완도군,전라남도,Jeonnam,47210,0,1.010188519381487,0.7460379156958271,0.9857517574231456,0.7383219669149791,-0.024436761958341435,-0.007715948780848025,-2.41902986318865,-1.0342569216004773,FALSE,FALSE,Neither
36670,진도군,전라남도,Jeonnam,29013,0,0.7766518457243304,0.5419639471960845,0.764273252830705,0.5007354701878015,-0.012378592893625417,-0.041228477008283027,-1.593840658690606,-7.6072360941319985,FALSE,FALSE,Neither
36680,신안군,전라남도,Jeonnam,34000,0,0.3781470588235294,0.03455882352941177,0.3538929370589248,0.027616807236980512,-0.02425412176460462,-0.006942016292431255,-6.413939021517906,-20.087536505758525,FALSE,TRUE,Transit only
37080,상주시,경상북도,Gyeongbuk,93722,-1,4.1537099080258635,2.8395485229366284,3.7414130551672224,2.4534910563859915,-0.41229685285864104,-0.3860574665506369,-9.925990547919454,-13.59573409055115,FALSE,FALSE,Neither
33540,영동군,충청북도,Chungbuk,45546,0,0.803736881394634,0.6720238879374698,0.8183663801854233,0.6460866361387442,0.014629498790789341,-0.025937251798725636,1.8201850791523244,-3.8595728908284035,FALSE,FALSE,Neither
36580,장흥군,전라남도,Jeonnam,34268,0,1.284025913388584,0.977442511964515,1.2577853635165888,0.9728710025152713,-0.02624054987199531,-0.0045715094492437824,-2.043615288319664,-0.4677011070508611,FALSE,FALSE,Neither
36590,강진군,전라남도,Jeonnam,31941,0,1.3851476159168468,0.9826555211170596,1.4308194204567262,1.0025906735751295,0.0456718045398794,0.019935152458069982,3.297251788550252,2.0287020252436148,FALSE,FALSE,Neither
32540,평창군,강원특별자치도,Gangwon,38613,0,0.23481728951389427,0.19845647838810762,0.22744423624836366,0.2017248902692574,-0.007373053265530616,0.003268411881149791,-3.139910728376902,1.6469161942690447,FALSE,FALSE,Neither
32550,정선군,강원특별자치도,Gangwon,33786,0,1.3216125022198544,0.6075248130389312,1.0397645839051017,0.5778875573038962,-0.28184791831475264,-0.029637255735035062,-21.326063262971946,-4.878361360548389,TRUE,FALSE,Car only
32560,철원군,강원특별자치도,Gangwon,41855,0,1.033711623461952,0.8919842312746387,1.079701243182153,0.8951157191292811,0.045989619720201214,0.0031314878546424563,4.448979645423709,0.35106986702753523,FALSE,FALSE,Neither
32570,화천군,강원특별자치도,Gangwon,23092,0,0.6794127836480166,0.5124429816964028,0.692651528696585,0.5176857977233447,0.013238745048568368,0.005242816026941877,1.9485569549464004,1.0231023185420436,FALSE,FALSE,Neither
32580,양구군,강원특별자치도,Gangwon,21121,0,0.9415273898016192,0.8675488849959756,0.9586974167979755,0.831972496776966,0.01717002699635628,-0.03557638821900955,1.82363542286051,-4.1007934923660905,FALSE,FALSE,Neither
32590,인제군,강원특별자치도,Gangwon,30670,0,0.9924682099771764,0.565960221715031,0.9438869482375357,0.5580395892876046,-0.048581261739640724,-0.007920632427426466,-4.894994242763497,-1.3995033791287572,FALSE,FALSE,Neither
32610,양양군,강원특별자치도,Gangwon,26632,0,1.727921297686993,1.2046660658856514,1.6885653008240207,1.1931243807302054,-0.03935599686297242,-0.011541685155445958,-2.277649851046724,-0.9580817026634426,FALSE,FALSE,Neither
38600,합천군,경상남도,Gyeongnam,40642,0,0.7881255843708479,0.658432163771468,0.8220939319837648,0.6733002243678624,0.033968347612916894,0.01486806059639445,4.310017119928096,2.258100593268547,FALSE,FALSE,Neither
32600,고성군,강원특별자치도,Gangwon,26650,0,0.939812382739212,0.15808005003126954,1.5891194131818345,0.48543142401687583,0.6493070304426225,0.3273513739856063,69.08900567474203,207.0794979637554,FALSE,FALSE,Neither
