sgg_cd,sgg_nm,sido_nm,sido_en,mode,mean_access_2021,mean_access_2022,mean_access_2023,access_change,access_pct_change,total_pop_2021,total_pop_2022,total_pop_2023,banks_2021,banks_2022,banks_2023,bank_change,bank_pct_change
11010,종로구,서울특별시,Seoul,car,412.9247868759951,385.6981804870112,368.67005520628817,-44.25473166970693,-10.717383183634604,148857,147512,146179,92,86,84,-8,-8.695652173913043
11020,중구,서울특별시,Seoul,car,566.0257145119151,526.1415170409638,517.8110616416881,-48.21465287022704,-8.518102911950319,126310,125257,127576,127,124,119,-8,-6.299212598425196
11030,용산구,서울특별시,Seoul,car,605.2936201117823,561.9187530212238,526.4760907114357,-78.81752940034653,-13.021371245543763,221681,219282,214791,61,60,55,-6,-9.836065573770492
11040,성동구,서울특별시,Seoul,car,537.1738582534235,506.5786638122007,528.9147985292582,-8.259059724165354,-1.5375021694128983,286469,282131,277683,52,48,47,-5,-9.615384615384617
11050,광진구,서울특별시,Seoul,car,489.58019469949494,461.0032812053596,431.2328986672794,-58.347296032215525,-11.917821975627339,347099,346519,348160,46,40,40,-6,-13.043478260869565
11060,동대문구,서울특별시,Seoul,car,373.2241090634432,356.2871440424968,349.2021438262467,-24.021965237196525,-6.436338021537913,348201,350709,355999,49,48,47,-2,-4.081632653061225
11070,중랑구,서울특별시,Seoul,car,240.33561569994768,225.75370522278814,203.17541507244684,-37.16020062750084,-15.461795173085921,380307,379127,376621,28,26,25,-3,-10.714285714285714
11080,성북구,서울특별시,Seoul,car,275.92043562819595,265.3513470132741,256.3318586932918,-19.588576934904154,-7.099357062954138,435509,436113,432874,46,45,46,0,0
11090,강북구,서울특별시,Seoul,car,169.02794153329847,163.67537214894298,154.39534057116714,-14.632600962131335,-8.656912478135288,292611,287788,284155,24,22,21,-3,-12.5
11100,도봉구,서울특별시,Seoul,car,119.85431435963777,116.66224102953603,108.65573081808816,-11.19858354154961,-9.343496395087513,309200,304137,299931,22,20,20,-2,-9.090909090909092
11110,노원구,서울특별시,Seoul,car,146.2527479069472,138.66853671163503,126.69143310364133,-19.561314803305876,-13.375006680730332,503929,496423,492979,51,48,46,-5,-9.803921568627452
11120,은평구,서울특별시,Seoul,car,137.2935317074237,123.9719629868316,117.88743851934268,-19.40609318808103,-14.134746878997875,457385,454649,452988,36,36,35,-1,-2.7777777777777777
11130,서대문구,서울특별시,Seoul,car,356.30836727102786,333.6302826193498,314.17709140201396,-42.131275869013905,-11.82438576778258,314547,318308,320168,46,42,41,-5,-10.869565217391305
11140,마포구,서울특별시,Seoul,car,439.08474283883584,406.98525171419504,378.95267308650176,-60.132069752334075,-13.6948665907996,365199,362415,361380,80,73,71,-9,-11.25
11150,양천구,서울특별시,Seoul,car,293.4737535564052,279.58426487361265,263.44030522347055,-30.033448332934654,-10.233776604885476,433373,426981,422248,56,50,47,-9,-16.071428571428573
11160,강서구,서울특별시,Seoul,car,184.76382054062165,171.9704028244655,163.4347301553797,-21.329090385241955,-11.543975613208648,559837,555999,549557,62,60,61,-1,-1.6129032258064515
11170,구로구,서울특별시,Seoul,car,300.2642086246539,275.49057867455275,253.25786436842964,-47.00634425622428,-15.654994137174933,426220,424038,423397,54,52,51,-3,-5.555555555555555
11180,금천구,서울특별시,Seoul,car,199.20144059369923,191.29434229423308,173.325355893598,-25.876084700101245,-12.989908417820804,247398,247185,245860,46,44,44,-2,-4.3478260869565215
11190,영등포구,서울특별시,Seoul,car,455.90038314176246,426.7678152337577,389.1580076096509,-66.74237553211157,-14.639684018725202,402984,401805,400544,116,101,97,-19,-16.379310344827587
11200,동작구,서울특별시,Seoul,car,412.8792122527017,408.1087233739864,387.434027009365,-25.445185243336653,-6.162864219902404,388094,386605,384089,44,38,38,-6,-13.636363636363635
11210,관악구,서울특별시,Seoul,car,230.28832519459354,234.4989340564437,221.58807681945888,-8.700248375134663,-3.7779806543744487,495777,496743,493677,36,33,33,-3,-8.333333333333332
11220,서초구,서울특별시,Seoul,car,518.8706175344505,502.1747320456912,482.37372523470736,-36.49689229974314,-7.033910008851084,392302,383181,385267,156,149,145,-11,-7.051282051282051
11230,강남구,서울특별시,Seoul,car,548.5069172337427,544.0453784772138,522.398245689554,-26.108671544188724,-4.759953014970399,503019,500149,511084,254,245,238,-16,-6.299212598425196
11240,송파구,서울특별시,Seoul,car,352.63340055457525,350.3965235199557,341.08341419022616,-11.549986364349081,-3.275352347844755,634720,635758,630744,120,108,105,-15,-12.5
11250,강동구,서울특별시,Seoul,car,189.69334447648964,202.7168046717411,203.08429531463787,13.390950838148228,7.0592623452890235,451099,448655,446561,51,46,46,-5,-9.803921568627452
21020,서구,부산광역시,Busan,car,129.44936137520406,110.59229756544303,106.63004533946844,-22.819316035735625,-17.627986568118096,104130,104824,103883,13,13,13,0,0
21050,부산진구,부산광역시,Busan,car,207.94580311559477,182.04842106464702,175.29062770635804,-32.65517540923673,-15.703695347524798,351201,350426,355644,57,56,55,-2,-3.508771929824561
21060,동래구,부산광역시,Busan,car,190.90556038762614,162.9704106370561,157.27437775187042,-33.63118263575572,-17.61665955012989,259838,267292,265047,37,37,37,0,0
21070,남구,부산광역시,Busan,car,151.20331172853494,130.58945524718865,121.62212668142347,-29.581185047111475,-19.563847318516732,264756,258062,258412,30,28,29,-1,-3.3333333333333335
21080,북구,부산광역시,Busan,car,66.61679681217947,60.03253864576529,59.60609482895431,-7.010701983225161,-10.523925374243454,279815,275580,270951,23,23,23,0,0
21090,해운대구,부산광역시,Busan,car,111.09442734883335,88.65268730829085,85.22154299998112,-25.872884348852224,-23.289092861167646,386064,377199,370849,60,60,59,-1,-1.6666666666666667
21100,사하구,부산광역시,Busan,car,76.24317014944897,66.18486468646864,62.98315072985617,-13.260019419592801,-17.391747213030378,305790,303000,298826,38,35,34,-4,-10.526315789473683
21140,수영구,부산광역시,Busan,car,194.5543521555764,164.58996394266117,158.24477734696276,-36.30957480861363,-18.662946578331226,170720,170007,170220,21,19,19,-2,-9.523809523809524
21150,사상구,부산광역시,Busan,car,116.74279468147392,88.32599493592593,87.27853729981513,-29.464257381658797,-25.238608911196913,211788,206948,208245,33,33,33,0,0
21510,기장군,부산광역시,Busan,car,9.25906004557495,8.700425785525585,8.495921817281477,-0.7631382282934727,-8.24207019435184,172902,174501,175691,15,15,15,0,0
22010,중구,대구광역시,Daegu,car,212.59671307356453,204.99308494168645,188.38546196444184,-24.211251109122685,-11.388346865336954,72834,77512,85775,36,32,31,-5,-13.88888888888889
22020,동구,대구광역시,Daegu,car,94.5479035705589,90.6632657964764,86.30492656195526,-8.242977008603646,-8.718307542855356,332637,332954,335589,34,31,30,-4,-11.76470588235294
22030,서구,대구광역시,Daegu,car,205.4272460789943,199.56953481717406,182.0137673796129,-23.413478699381415,-11.397455374725743,165455,160754,161396,20,18,17,-3,-15
22040,남구,대구광역시,Daegu,car,192.76392358762715,185.9033327492553,170.07810475792692,-22.685818829700224,-11.76870568282848,144898,142675,141259,19,19,19,0,0
22050,북구,대구광역시,Daegu,car,102.46772161297436,97.2314347955739,89.79132899062179,-12.676392622352566,-12.371108113667177,444446,439303,430146,54,49,46,-8,-14.814814814814813
22060,수성구,대구광역시,Daegu,car,132.72367276425254,127.13666519239274,117.0144639725457,-15.709208791706843,-11.836026282673757,408085,402458,396295,56,51,51,-5,-8.928571428571429
23020,동구,인천광역시,Incheon,car,78.96897777340999,77.2757498536451,74.29260157671315,-4.676376196696836,-5.921788946179623,61053,58078,59364,6,6,6,0,0
23040,연수구,인천광역시,Incheon,car,73.5603237285845,72.71378917720381,78.58623028035919,5.025906551774682,6.832360567523829,399594,400488,408476,41,41,40,-1,-2.4390243902439024
23050,남동구,인천광역시,Incheon,car,105.97012846219528,99.47973961266504,101.12854763271191,-4.841580829483362,-4.568816608739501,521165,511392,500087,57,56,55,-2,-3.508771929824561
23060,부평구,인천광역시,Incheon,car,152.04806718407895,144.65290996158586,133.91175750865497,-18.136309675423973,-11.928010668801871,494641,498254,498558,38,32,31,-7,-18.421052631578945
23070,계양구,인천광역시,Incheon,car,98.10303917626398,94.4608603299991,92.45839438492163,-5.644644791342344,-5.753791970909771,290967,288122,279818,17,18,18,1,5.88235294117647
23080,서구,인천광역시,Incheon,car,59.958372200222854,59.11477122338311,57.200902792965486,-2.7574694072573678,-4.598973097617081,551026,581069,621848,47,45,47,0,0
23090,미추홀구,인천광역시,Incheon,car,112.75308600026212,107.54053064870709,112.17521768154991,-0.5778683187122056,-0.5125077629457185,412022,415303,414941,30,31,32,2,6.666666666666667
23510,강화군,인천광역시,Incheon,car,2.3146550414679345,2.3377295995182172,2.4613410621018628,0.14668602063392822,6.337273503221508,65834,66420,66246,5,5,5,0,0
25030,서구,대전광역시,Daejeon,car,94.79689112853211,88.80137396467671,87.57164878227665,-7.225242346255456,-7.62181360616455,475671,474248,469031,57,56,54,-3,-5.263157894736842
25040,유성구,대전광역시,Daejeon,car,52.01382838535427,48.58345270945432,47.38470852017937,-4.6291198651749,-8.899786862215162,367288,369281,379100,41,42,41,0,0
25050,대덕구,대전광역시,Daejeon,car,64.09946851491459,61.60905005867369,60.74261696714965,-3.35685154776494,-5.236941312522539,175734,174695,171779,15,14,14,-1,-6.666666666666667
26020,남구,울산광역시,Ulsan,car,80.37857706933242,73.88472613217128,68.92414524027912,-11.454431829053306,-14.250602892824313,315307,311172,308537,59,56,57,-2,-3.389830508474576
26510,울주군,울산광역시,Ulsan,car,12.239828875287735,10.544618367328706,9.647525204591444,-2.5923036706962908,-21.179247660317888,224164,223854,223372,14,14,15,1,7.142857142857142
29010,세종시,세종특별자치시,Sejong,car,22.255491812455116,22.629354215620417,22.623156363184478,0.3676645507293621,1.6520171912067179,366227,382589,386261,44,44,44,0,0
31011,수원시 장안구,경기도,Gyeonggi,car,87.16164601527795,84.78982255207711,79.18661817019066,-7.975027845087297,-9.149698531036703,277786,276081,275209,21,19,18,-3,-14.285714285714285
31012,수원시 권선구,경기도,Gyeonggi,car,84.881227569906,82.51028563888373,77.00300119082102,-7.878226379084978,-9.28147083240128,368924,371343,372852,20,21,21,1,5
31014,수원시 영통구,경기도,Gyeonggi,car,120.81068187838092,116.09628688990955,108.16096346239867,-12.64971841598225,-10.470695322054894,366209,363819,366636,41,39,41,0,0
31021,성남시 수정구,경기도,Gyeonggi,car,137.64595710855616,144.32598795175747,132.43412925423868,-5.211827854317477,-3.7864009694139473,244058,242193,241230,30,28,29,-1,-3.3333333333333335
31022,성남시 중원구,경기도,Gyeonggi,car,88.45222068174212,92.24874513910397,82.95723067429331,-5.494990007448806,-6.212382193568889,209170,203409,210665,22,19,19,-3,-13.636363636363635
31023,성남시 분당구,경기도,Gyeonggi,car,133.4306578541414,131.49424511204825,122.37290152718955,-11.057756326951846,-8.287268087248389,460254,459088,451221,99,93,90,-9,-9.090909090909092
31030,의정부시,경기도,Gyeonggi,car,43.42430410096299,41.97517181979575,36.54795997960633,-6.876344121356659,-15.835243105724675,455454,455128,458966,37,33,33,-4,-10.81081081081081
31041,안양시 만안구,경기도,Gyeonggi,car,93.4703431586563,86.89475911568542,83.1451443636736,-10.325198794982711,-11.046497151996915,240501,236296,234408,15,14,13,-2,-13.333333333333334
31042,안양시 동안구,경기도,Gyeonggi,car,114.79976074631067,106.68754289917995,102.02692311503513,-12.772837631275536,-11.126188372031095,298428,304493,302751,49,47,47,-2,-4.081632653061225
31051,부천시 원미구,경기도,Gyeonggi,car,143.9064089619925,134.15148825877856,126.08072539294999,-17.82568356904251,-12.386997700533616,414997,411286,405077,53,49,46,-7,-13.20754716981132
31052,부천시 소사구,경기도,Gyeonggi,car,132.15958536856357,121.60534346025518,113.98765925370614,-18.171926114857428,-13.749987232617281,243011,238572,242773,16,14,14,-2,-12.5
31053,부천시 오정구,경기도,Gyeonggi,car,164.37677902166718,158.14300865962915,156.34840873173928,-8.028370289927892,-4.884126783424585,164627,160284,155662,11,11,10,-1,-9.090909090909092
31060,광명시,경기도,Gyeonggi,car,173.25178666758512,155.8414504050614,142.29215641419478,-30.959630253390344,-17.8697321677796,290345,284031,275397,26,25,25,-1,-3.8461538461538463
31070,평택시,경기도,Gyeonggi,car,16.780035604489385,16.812104268855737,17.113750210507895,0.33371460601851055,1.9887598208029278,571838,590205,605678,43,44,45,2,4.651162790697675
31091,안산시 상록구,경기도,Gyeonggi,car,49.99858910979416,46.444060008780966,42.837511272428976,-7.161077837365184,-14.322559825917988,364309,362147,355957,16,14,14,-2,-12.5
31092,안산시 단원구,경기도,Gyeonggi,car,71.36375626632775,67.720698360349175,64.49145785554518,-6.872298410782577,-9.629956115447918,354075,352941,353190,58,55,55,-3,-5.172413793103448
31101,고양시 덕양구,경기도,Gyeonggi,car,46.55843125207997,40.0814267908824,38.042289399369146,-8.516141852710824,-18.291298962806806,468756,473370,484424,27,24,24,-3,-11.11111111111111
31103,고양시 일산동구,경기도,Gyeonggi,car,75.95021398294962,68.55307745564393,63.32356037054263,-12.62665361240699,-16.624908542379618,293014,290321,285959,39,37,35,-4,-10.256410256410255
31104,고양시 일산서구,경기도,Gyeonggi,car,76.47921930333666,68.43059550669932,63.952598941592804,-12.52662036174386,-16.379116413388054,287743,280551,277209,26,23,23,-3,-11.538461538461538
31110,과천시,경기도,Gyeonggi,car,125.01499696417729,106.09986922049968,98.35706289701135,-26.65793406716594,-21.32378891694466,65880,73406,76824,12,12,12,0,0
31120,구리시,경기도,Gyeonggi,car,95.37331600975516,91.89601551212836,82.24161422140641,-13.13170178834875,-13.768737774626171,187798,184114,183048,14,14,15,1,7.142857142857142
31130,남양주시,경기도,Gyeonggi,car,23.179843290369686,22.109938240221368,20.440326591940213,-2.7395166984294725,-11.81852984988744,713549,719886,716123,38,36,36,-2,-5.263157894736842
31140,오산시,경기도,Gyeonggi,car,35.52333293437393,32.420435621362266,32.23437448735195,-3.288958447021983,-9.258586329999014,242297,242596,243832,11,11,13,2,18.181818181818183
31150,시흥시,경기도,Gyeonggi,car,41.048995260560865,38.64112017472918,38.096836161173705,-2.95215909938716,-7.19179380798034,554074,557663,568455,46,44,44,-2,-4.3478260869565215
31160,군포시,경기도,Gyeonggi,car,85.37155703789708,78.47393464052287,73.51767643281212,-11.853880605084953,-13.885046749027813,270443,267750,263939,22,20,18,-4,-18.181818181818183
31170,의왕시,경기도,Gyeonggi,car,89.12482278362427,83.1544387800506,78.80182572292426,-10.322997060700004,-11.582628428627569,160115,157318,154788,11,11,10,-1,-9.090909090909092
31180,하남시,경기도,Gyeonggi,car,60.34210560775199,75.20589271041202,71.96434699059776,11.622241382845772,19.260583080071857,305470,315203,320562,23,23,23,0,0
31191,용인시 처인구,경기도,Gyeonggi,car,10.703228092423027,10.684367131215526,8.629623547015566,-2.073604545407461,-19.37363688320719,268115,268863,274005,13,12,12,-1,-7.6923076923076925
31192,용인시 기흥구,경기도,Gyeonggi,car,74.30986348655522,76.02029394915613,65.4496560963257,-8.860207390229519,-11.923326156873621,435708,431163,428463,38,35,35,-3,-7.894736842105263
31193,용인시 수지구,경기도,Gyeonggi,car,109.97077496946557,108.09251963102992,100.01190361882082,-9.958871350644742,-9.055925406918263,363524,364474,364511,37,34,33,-4,-10.81081081081081
31200,파주시,경기도,Gyeonggi,car,26.476947130964707,23.86314427475472,22.702341224898504,-3.7746059060662027,-14.256197617480654,475212,490765,495339,33,32,32,-1,-3.0303030303030303
31210,이천시,경기도,Gyeonggi,car,7.037467131226534,6.655442729309442,7.440118935700387,0.4026518044738534,5.7215443705195215,229321,227193,228695,14,14,14,0,0
31220,안성시,경기도,Gyeonggi,car,9.590351991446662,9.884444849222746,8.864465991729645,-0.7258859997170166,-7.568919267659956,203897,208619,210390,11,11,11,0,0
31230,김포시,경기도,Gyeonggi,car,25.864087051337343,24.20181618690318,23.57050751224505,-2.293579539092292,-8.8678155719929,491572,491249,496323,38,37,36,-2,-5.263157894736842
31240,화성시,경기도,Gyeonggi,car,39.730283401792406,36.13190519951217,34.911101507356115,-4.819181894436291,-12.12974457216904,906381,931472,974156,71,72,72,1,1.4084507042253522
31250,광주시,경기도,Gyeonggi,car,14.37303069383544,13.754905503835328,13.10887406345096,-1.2641566303844805,-8.795338000124596,387700,392926,394667,14,14,14,0,0
31260,양주시,경기도,Gyeonggi,car,11.452835696413677,10.895129529414186,10.746733619887184,-0.7061020765264931,-6.165303469319837,239800,242995,269641,14,14,14,0,0
31270,포천시,경기도,Gyeonggi,car,5.223569497849012,4.904844015604554,5.072019145699537,-0.1515503521494752,-2.901279521826624,157602,163542,157111,12,12,12,0,0
31280,여주시,경기도,Gyeonggi,car,3.6775403902180632,3.627851815410565,3.141729501486492,-0.5358108887315711,-14.56981655882778,113270,113831,116045,7,6,6,-1,-14.285714285714285
33044,청주시 청원구,충청북도,Chungbuk,car,28.695652612416353,30.064822082679225,24.88306137316535,-3.8125912392510024,-13.286302600420136,198303,198744,196291,17,19,19,2,11.76470588235294
33520,보은군,충청북도,Chungbuk,car,0.8742280707426687,0.8759629194411803,0.8894660226295242,0.015237951886855505,1.7430179145255145,30929,30636,30226,2,2,2,0,0
33530,옥천군,충청북도,Chungbuk,car,2.3808316325478796,2.3690042280215775,2.371689937409726,-0.009141695138153771,-0.383970668617615,48507,48013,47771,4,4,4,0,0
33550,진천군,충청북도,Chungbuk,car,3.285522832020397,3.299246570931805,3.086234839256395,-0.19928799276400166,-6.065640172144281,91779,93174,94405,5,4,4,-1,-20
33560,괴산군,충청북도,Chungbuk,car,0.7020732292277354,0.743298969072165,0.7552583295663041,0.053185100338568714,7.5754348869093215,37526,37830,37607,2,2,2,0,0
33570,음성군,충청북도,Chungbuk,car,1.8923423155473598,1.9035724035724035,1.7762653539167423,-0.11607696163061743,-6.134036145412844,100866,102564,104615,10,10,10,0,0
33580,단양군,충청북도,Chungbuk,car,0.672420833797379,0.6569183102848938,0.6744985456880596,0.0020777118906805114,0.30898981504588385,26937,26466,26473,2,2,2,0,0
33590,증평군,충청북도,Chungbuk,car,3.8156717232347486,3.8048599714119327,3.8708357378941294,0.05516401465938081,1.4457222387206659,36652,37778,38122,4,4,4,0,0
34011,천안시 동남구,충청남도,Chungnam,car,39.677768095821826,38.661331474228646,38.026309686023254,-1.6514584097985718,-4.162175669282353,270836,273967,275944,26,25,27,1,3.8461538461538463
34012,천안시 서북구,충청남도,Chungnam,car,43.71603333236493,42.60593404576022,41.94937510117007,-1.7666582311948602,-4.0412134782753135,413052,413984,413907,37,37,34,-3,-8.108108108108109
37090,문경시,경상북도,Gyeongbuk,car,3.3181515908318433,3.322387617566467,3.32047794393928,0.002326353107436674,0.07010991040507192,67669,67515,66535,5,5,5,0,0
37100,경산시,경상북도,Gyeongbuk,car,19.812489349664983,19.31114254101772,17.100508343649754,-2.711981006015229,-13.68823956521691,293418,295543,296453,28,26,25,-3,-10.714285714285714
37560,청도군,경상북도,Gyeongbuk,car,1.1236305557635198,1.1110250967661381,1.0598380323935213,-0.06379252336999852,-5.6773574768666535,40071,40045,40008,3,3,3,0,0
37590,칠곡군,경상북도,Gyeongbuk,car,8.689221745050801,7.394129406687862,6.9045658649357575,-1.7846558801150438,-20.538730998913067,114564,113549,112465,9,8,8,-1,-11.11111111111111
37600,예천군,경상북도,Gyeongbuk,car,2.1806807083494575,2.3535116074052307,2.727383299854413,0.5467025915049555,25.070272296706424,54267,54448,54263,4,5,5,1,25
37620,울진군,경상북도,Gyeongbuk,car,0.9054109426556536,0.9045784915350132,0.9028601439919469,-0.002550798663706666,-0.2817282786780706,46369,45954,45697,3,3,3,0,0
37630,울릉군,경상북도,Gyeongbuk,car,0.9905741216795202,1.0079633204633205,1.0038013779995247,0.013227256320004543,1.3353121215783132,8169,8288,8418,2,2,2,0,0
38030,진주시,경상남도,Gyeongnam,car,27.847711728435236,26.242234114360087,23.63041243625672,-4.217299292178517,-15.144150202733684,353389,351119,348272,39,35,35,-4,-10.256410256410255
38050,통영시,경상남도,Gyeongnam,car,8.794326638841936,8.302521828203503,7.034630753292881,-1.7596958855490543,-20.00944424530468,124829,123006,121626,11,9,10,-1,-9.090909090909092
38070,김해시,경상남도,Gyeongnam,car,25.827419958211298,23.869062127155757,22.597274874606324,-3.230145083604974,-12.506650253224445,547995,547313,548672,56,53,52,-4,-7.142857142857142
38115,창원시 진해구,경상남도,Gyeongnam,car,15.729748135055754,14.022676479454475,12.187721598657296,-3.542026536398458,-22.518011769715493,192365,192402,190660,17,14,15,-2,-11.76470588235294
38520,함안군,경상남도,Gyeongnam,car,2.4112409659513228,2.494207566216411,2.4867547005935053,0.07551373464218258,3.131737379569182,63233,62409,62173,5,5,5,0,0
38540,고성군,경상남도,Gyeongnam,car,1.5842878511566911,1.6360097726613938,1.6154984583761562,0.031210607219465114,1.9700086191204584,48803,48298,48650,3,3,3,0,0
38550,남해군,경상남도,Gyeongnam,car,1.1698556398336188,1.1121730754982588,1.1515891804765024,-0.01826645935711646,-1.5614284989654263,40870,40491,39706,3,3,3,0,0
38560,하동군,경상남도,Gyeongnam,car,0.6521522642965618,0.6570229123463659,0.6363450479233227,-0.01580721637323912,-2.423853636434036,40167,39542,39125,3,3,3,0,0
38570,산청군,경상남도,Gyeongnam,car,0.5841461198279517,0.546005912651245,0.6095707162835948,0.0254245964556431,4.352437787848594,33014,32811,32892,3,3,3,0,0
38580,함양군,경상남도,Gyeongnam,car,1.4095947018417667,1.4537024183024683,1.4108153781157584,0.0012206762739916943,0.08659767750238895,36541,36017,35505,3,3,3,0,0
38590,거창군,경상남도,Gyeongnam,car,3.2325534285424897,3.19374126946271,3.1740458797023283,-0.058507548840161405,-1.8099483932286182,59238,58702,58588,5,5,5,0,0
39010,제주시,제주특별자치도,Jeju,car,36.003138484091934,32.239015831416914,32.07309611686338,-3.930042367228552,-10.915832709876252,493869,495281,495553,54,54,53,-1,-1.8518518518518516
39020,서귀포시,제주특별자치도,Jeju,car,6.919576205938473,7.092073729665256,7.06232410299425,0.14274789705577717,2.0629572217626424,179238,181094,181214,21,21,21,0,0
21010,중구,부산광역시,Busan,car,148.75967163388623,129.22510633126745,123.89663348729222,-24.863038146594008,-16.713560788023692,41539,41145,40487,24,24,24,0,0
21030,동구,부산광역시,Busan,car,188.97067472540246,172.0037477594916,166.52166855287675,-22.449006172525714,-11.879624288343612,86035,85918,87477,20,18,18,-2,-10
21110,금정구,부산광역시,Busan,car,107.54337831127245,97.12512088762287,93.88178376673126,-13.661594544541188,-12.703334002581926,233596,227484,221890,25,24,23,-2,-8
22510,달성군,대구광역시,Daegu,car,30.92808113149131,30.26503909846199,28.663262745979143,-2.264818385512168,-7.322854514909123,264854,266123,267045,22,21,20,-2,-9.090909090909092
23520,옹진군,인천광역시,Incheon,car,0,0,0,0,NA,18984,19329,19286,NA,NA,NA,NA,NA
24010,동구,광주광역시,Gwangju,car,98.29296256763223,94.03639110999181,89.84420975574918,-8.448752811883054,-8.595480888135546,108676,111181,112016,29,29,29,0,0
24020,서구,광주광역시,Gwangju,car,126.06601276822742,121.91243858811059,116.74120289844866,-9.324809869778761,-7.396767506974651,290565,286793,284014,46,43,43,-3,-6.521739130434782
24030,남구,광주광역시,Gwangju,car,95.50132706944225,93.16052225552484,86.75508660464412,-8.746240464798134,-9.158239715808813,216266,214531,211536,21,19,19,-2,-9.523809523809524
24040,북구,광주광역시,Gwangju,car,98.28239324297421,94.55067953035574,91.65958618901797,-6.622807053956237,-6.738548823880694,436997,434712,432033,43,42,42,-1,-2.3255813953488373
25010,동구,대전광역시,Daejeon,car,64.4418601666089,66.34858034618111,64.47945979299017,0.03759962638126524,0.058346587581510886,233721,231324,230134,18,18,18,0,0
31013,수원시 팔달구,경기도,Gyeonggi,car,116.96103224882047,114.46234629898686,107.8176363593414,-9.143395889479066,-7.817471950852482,195418,205106,211665,36,32,33,-3,-8.333333333333332
37610,봉화군,경상북도,Gyeongbuk,car,0.5862246297312123,0.5848322800194458,0.5842419978895533,-0.0019826318416589217,-0.33820343620976334,29168,28798,28430,2,2,2,0,0
34020,공주시,충청남도,Chungnam,car,4.6070897441893095,4.053320507742507,4.109035242374263,-0.4980545018150462,-10.81060993967433,106915,106038,105498,7,7,7,0,0
34030,보령시,충청남도,Chungnam,car,4.278847930999076,4.2246790521287725,4.33984931365466,0.06100138265558375,1.4256496991548944,97390,96511,96890,7,7,7,0,0
34040,아산시,충청남도,Chungnam,car,16.793345510958428,16.561739221414275,16.53302162322904,-0.2603238877293883,-1.5501609703648092,348727,363197,376632,23,22,23,0,0
35011,전주시 완산구,전북특별자치도,Jeonbuk,car,72.07651419125335,70.42963936556694,68.56336376153807,-3.5131504297152816,-4.874195803078404,342394,338570,333353,49,49,47,-2,-4.081632653061225
35012,전주시 덕진구,전북특별자치도,Jeonbuk,car,62.78839816229037,61.37618922502551,58.94940541273073,-3.838992749559644,-6.114175328437152,328017,327314,324679,36,35,35,-1,-2.7777777777777777
36020,여수시,전라남도,Jeonnam,car,17.610386806953816,15.278348170165474,14.201457036859741,-3.4089297700940744,-19.35749513888014,268687,268139,267392,25,23,22,-3,-12
21130,연제구,부산광역시,Busan,car,221.0220508207557,193.57640762749622,187.43410532467468,-33.58794549608103,-15.196649099650314,201217,199751,198491,32,30,30,-2,-6.25
23010,중구,인천광역시,Incheon,car,24.51062373904824,23.523189752439105,23.07945285585345,-1.4311708831947882,-5.838981897938275,141758,150670,157326,24,23,23,-1,-4.166666666666666
24050,광산구,광주광역시,Gwangju,car,65.75479588795481,64.55579186968738,62.09032769568685,-3.664468192267961,-5.572929157155563,422758,421755,417491,35,33,34,-1,-2.857142857142857
25020,중구,대전광역시,Daejeon,car,91.94777104246765,89.85916988675406,87.74398071650354,-4.203790325964107,-4.571932824801717,227326,224114,220292,19,18,18,-1,-5.263157894736842
26030,동구,울산광역시,Ulsan,car,14.201905153684969,13.618370339609909,13.597309496979074,-0.6045956567058948,-4.257144729269089,155578,154118,157071,12,12,12,0,0
33043,청주시 흥덕구,충청북도,Chungbuk,car,40.689721116120566,38.77211306244847,33.11092987057293,-7.5787912455476345,-18.62581270566892,273483,274114,281394,26,26,25,-1,-3.8461538461538463
34060,논산시,충청남도,Chungnam,car,5.967048148590337,5.348552014514087,4.948544317446625,-1.018503831143712,-17.068805308439227,117262,116852,115925,12,12,12,0,0
35040,정읍시,전북특별자치도,Jeonbuk,car,4.998851267913041,4.984581860442594,4.995024730018438,-0.003826537894603632,-0.07654834460000176,104463,103255,102507,8,8,8,0,0
35050,남원시,전북특별자치도,Jeonbuk,car,3.8353385324816136,3.8098433409957613,3.8308206132467744,-0.0045179192348392405,-0.11779714350054964,76551,75259,74554,6,6,6,0,0
35060,김제시,전북특별자치도,Jeonbuk,car,3.0239236903510345,2.931729626838024,2.8758143680253068,-0.1481093223257277,-4.897918647825876,77998,78277,79663,5,5,5,0,0
36060,광양시,전라남도,Jeonnam,car,10.525598713130782,8.912421364253115,8.489889942867999,-2.035708770262783,-19.340550839385674,144226,145926,147378,13,12,11,-2,-15.384615384615385
36510,담양군,전라남도,Jeonnam,car,2.1731616478175955,2.238754245845956,2.209012179238169,0.035850531420573706,1.6496946491107425,44034,43572,43763,3,3,3,0,0
37020,경주시,경상북도,Gyeongbuk,car,9.220756639167835,8.242022689988216,8.113412072985106,-1.1073445661827286,-12.009259212839018,261102,259674,259505,19,19,19,0,0
37050,구미시,경상북도,Gyeongbuk,car,22.761879684899377,16.167990888894863,16.28198734593504,-6.479892338964337,-28.468177622708414,413963,409171,407458,42,42,41,-1,-2.380952380952381
37520,의성군,경상북도,Gyeongbuk,car,0.6461339830490826,0.6534170591313448,0.6655467445742905,0.019412761525207878,3.004448308630938,48021,47775,47920,3,3,3,0,0
37530,청송군,경상북도,Gyeongbuk,car,0.30513569220199244,0.30587321451689464,0.2631282739512533,-0.042007418250739115,-13.76679927136522,23288,23173,23099,2,2,2,0,0
37550,영덕군,경상북도,Gyeongbuk,car,0.6958469655436673,0.675140231531209,0.6671443926907918,-0.028702572852875474,-4.124839838950805,33927,33516,33492,2,2,2,0,0
38100,양산시,경상남도,Gyeongnam,car,18.994288307194918,17.016146037036407,16.936313169823105,-2.0579751373718125,-10.834705170776335,352610,352842,355411,30,30,31,1,3.3333333333333335
38112,창원시 성산구,경상남도,Gyeongnam,car,69.67174851645999,62.93949390921855,62.03238542060375,-7.639363095856233,-10.964793131395904,249909,246438,243412,47,47,51,4,8.51063829787234
38114,창원시 마산회원구,경상남도,Gyeongnam,car,35.929321477604255,31.979903847724415,31.307656421819637,-4.621665055784618,-12.863212734661383,186464,183667,180058,18,18,22,4,22.22222222222222
38530,창녕군,경상남도,Gyeongnam,car,1.2551119603110754,1.2716311815522754,1.2408208636169302,-0.014291096694145189,-1.1386312254249564,59664,58804,58475,3,3,3,0,0
37540,영양군,경상북도,Gyeongbuk,car,0.7225864507006042,0.7208634970325442,0.7455418832664341,0.02295543256582988,3.1768423755486683,15558,15333,15197,2,2,2,0,0
26010,중구,울산광역시,Ulsan,car,87.08789100713416,78.26522074850212,72.38343962188135,-14.70445138525281,-16.884610725098664,209555,204622,203534,22,21,23,1,4.545454545454546
26040,북구,울산광역시,Ulsan,car,29.2177386895151,23.03996770472895,22.6764300803097,-6.541308609205402,-22.388141254589204,216149,216750,214918,17,16,17,0,0
31080,동두천시,경기도,Gyeonggi,car,9.53735038772758,8.614815916381636,8.286678130579073,-1.2506722571485067,-13.113414169598297,94912,94142,91301,6,6,6,0,0
34070,계룡시,충청남도,Chungnam,car,4.085959193528915,3.162745190494153,3.0929677390567134,-0.9929914544722012,-24.302529894200575,41415,42416,44822,6,5,5,-1,-16.666666666666664
35030,익산시,전북특별자치도,Jeonbuk,car,21.00624308406211,21.024484712846984,18.49172954255513,-2.514513541506979,-11.970315355508736,280150,277030,274350,27,24,23,-4,-14.814814814814813
35550,임실군,전북특별자치도,Jeonbuk,car,0.5861503380405648,0.580210255998716,0.5791341956016157,-0.007016142438949102,-1.1969868451160983,24997,24922,24509,2,2,2,0,0
35560,순창군,전북특별자치도,Jeonbuk,car,1.2431032453007889,1.2697100359982594,1.3671160517187007,0.12401280641791179,9.976066500245109,25483,25279,25368,3,3,3,0,0
35570,고창군,전북특별자치도,Jeonbuk,car,1.1813012895662367,1.1898432577189666,1.222546372040764,0.041245082474527406,3.4914955937847347,51180,50784,50731,3,3,3,0,0
36040,나주시,전라남도,Jeonnam,car,7.923813163334433,7.951622598771617,7.624218028920111,-0.2995951344143224,-3.780946474112083,115138,114785,117012,18,17,16,-2,-11.11111111111111
36640,영광군,전라남도,Jeonnam,car,1.3365386578469203,1.3406321594388013,1.3953690420867597,0.05883038423983944,4.4016971671146035,48981,49323,49493,3,3,3,0,0
36650,장성군,전라남도,Jeonnam,car,1.9465816175746231,1.9271593900561268,2.283350337173713,0.3367687195990898,17.300518845888035,40604,40266,40187,4,4,4,0,0
37012,포항시 북구,경상북도,Gyeongbuk,car,31.92868838616355,25.982221149741058,23.28559097493789,-8.64309741122566,-27.070004588635683,272382,269365,266458,25,25,25,0,0
37040,안동시,경상북도,Gyeongbuk,car,10.386659833991295,9.772703092453133,9.072117530615017,-1.3145423033762782,-12.656063877959287,158064,156025,154581,18,17,17,-1,-5.555555555555555
38090,거제시,경상남도,Gyeongnam,car,9.106069480996263,8.286278022358736,7.383046117877748,-1.7230233631185152,-18.92170235153977,242426,236686,238671,17,16,17,0,0
38111,창원시 의창구,경상남도,Gyeongnam,car,52.24867805361547,49.215611965422475,47.45378433310336,-4.794893720512114,-9.177062270535895,216915,215053,214516,23,21,24,1,4.3478260869565215
38113,창원시 마산합포구,경상남도,Gyeongnam,car,31.498508739287637,27.145152379304765,26.324433040516315,-5.174075698771322,-16.426414791877978,180049,179191,178496,17,16,19,2,11.76470588235294
21120,강서구,부산광역시,Busan,car,36.00915488002252,30.11704954986294,29.8874339009868,-6.121720979035722,-17.00045724325506,142110,143734,144102,37,37,36,-1,-2.7027027027027026
22070,달서구,대구광역시,Daegu,car,127.83940205732087,123.44763728895029,112.95351779271103,-14.885884264609842,-11.644206735209291,554702,545073,539884,72,64,63,-9,-12.5
31570,가평군,경기도,Gyeonggi,car,0.80433399202867,0.8307589323069199,0.8701517706576728,0.06581777862900284,8.182891594945401,59714,59755,59893,4,4,3,-1,-25
31580,양평군,경기도,Gyeonggi,car,0.9449124688624412,0.9741171440786661,0.9785869929601073,0.033674524097666136,3.5637717997526415,115616,116950,119320,3,3,3,0,0
32020,원주시,강원특별자치도,Gangwon,car,20.803809374510113,20.042373068737735,18.511885057219274,-2.291924317290839,-11.016849251171381,357224,361810,364912,32,31,31,-1,-3.125
33041,청주시 상당구,충청북도,Chungbuk,car,39.91700903428598,38.54437888360921,32.27595707289404,-7.641051961391945,-19.14234594788603,189611,191510,197451,20,18,17,-3,-15
33042,청주시 서원구,충청북도,Chungbuk,car,54.04105336374702,52.139121834627986,45.0133745172163,-9.02767884653072,-16.705223685715314,195526,194132,195222,14,12,12,-2,-14.285714285714285
34080,당진시,충청남도,Chungnam,car,4.711180069259677,4.735583438478433,4.723877568517619,0.012697499257941836,0.2695184448752591,169507,171192,174955,12,11,11,-1,-8.333333333333332
34510,금산군,충청남도,Chungnam,car,1.5783621939125791,1.5425294375846867,1.488498607032603,-0.0898635868799762,-5.69347056249584,52436,52399,53124,3,3,3,0,0
35020,군산시,전북특별자치도,Jeonbuk,car,25.112907504623834,24.014971588136827,21.387313556388374,-3.72559394823546,-14.835374787047245,267635,266438,265764,32,29,29,-3,-9.375
37011,포항시 남구,경상북도,Gyeongbuk,car,31.923755510794386,27.4185651483214,25.238150844290903,-6.685604666503483,-20.942412819327846,228869,227243,226936,27,25,24,-3,-11.11111111111111
37070,영천시,경상북도,Gyeongbuk,car,4.806056539721006,4.825498039923402,4.309099231779644,-0.4969573079413623,-10.34023016238196,99859,99741,100492,8,7,7,-1,-12.5
37570,고령군,경상북도,Gyeongbuk,car,1.1071745781111222,1.1670426647203238,1.1491578740415493,0.041983295930427156,3.79193098906336,30399,30142,30518,3,3,3,0,0
37580,성주군,경상북도,Gyeongbuk,car,1.2554161356729732,1.249957161391398,1.2204854770773987,-0.034930658595574426,-2.782396816721624,40804,40851,41073,3,3,3,0,0
21040,영도구,부산광역시,Busan,car,66.2136855912225,60.92091110120212,56.877016884695905,-9.336668706526595,-14.100814088748285,112834,109889,109389,17,16,16,-1,-5.88235294117647
33020,충주시,충청북도,Chungbuk,car,11.263483926092064,10.525764309514651,10.416491504236307,-0.8469924218557576,-7.519808501645608,215349,215783,215990,18,18,16,-2,-11.11111111111111
36010,목포시,전라남도,Jeonnam,car,27.199002613279802,26.90172794536141,26.250474879559533,-0.9485277337202689,-3.4873621919399134,221178,219625,217950,23,23,21,-2,-8.695652173913043
36620,무안군,전라남도,Jeonnam,car,11.52337558549959,11.458556769281694,10.546524229756928,-0.9768513557426619,-8.477128498457347,90094,90630,90426,13,11,11,-2,-15.384615384615385
36630,함평군,전라남도,Jeonnam,car,1.2317409513432531,1.2264183420545305,1.220342458730647,-0.01139849261260606,-0.925396902666558,29369,29048,29259,3,3,3,0,0
31550,연천군,경기도,Gyeonggi,car,1.3030594111714136,1.2782648711490021,1.2705391762382032,-0.032520234933210324,-2.4956832094075856,41642,41288,41007,3,3,3,0,0
32010,춘천시,강원특별자치도,Gangwon,car,21.802782267053054,21.73090569178914,21.739972786696935,-0.062809480356119,-0.2880801155870487,287104,293124,292504,25,25,25,0,0
32030,강릉시,강원특별자치도,Gangwon,car,13.487426117473218,12.83870997731583,12.157667012807199,-1.329759104666019,-9.859250334971554,216560,215128,213786,18,17,17,-1,-5.555555555555555
35510,완주군,전북특별자치도,Jeonbuk,car,4.319870776289343,4.330734085321459,4.287865586820063,-0.032005189469280104,-0.7408830293014398,95029,94771,101002,8,8,9,1,12.5
36030,순천시,전라남도,Jeonnam,car,19.54353661253273,18.93153610085084,16.92629787421749,-2.6172387383152405,-13.391837875632383,273827,272085,272041,24,22,23,-1,-4.166666666666666
36600,해남군,전라남도,Jeonnam,car,1.5289839031023686,1.5103912764592689,1.4455082534142398,-0.08347564968812882,-5.459550589038474,63242,62360,62459,4,4,3,-1,-25
36610,영암군,전라남도,Jeonnam,car,1.5304475159827136,1.5874713521772346,1.5966593509691902,0.06621183498647665,4.326305495289164,55998,56287,59689,6,6,5,-1,-16.666666666666664
37060,영주시,경상북도,Gyeongbuk,car,6.279356338000664,6.319992907871278,6.338409020790414,0.0590526827897504,0.9404257317327633,102414,101521,100479,10,10,10,0,0
34050,서산시,충청남도,Chungnam,car,5.793241575913959,5.6200216918520685,5.434250747405077,-0.3589908285088823,-6.196717740917732,177497,177947,178618,11,10,10,-1,-9.090909090909092
34550,청양군,충청남도,Chungnam,car,0.6640866358834667,0.6419811162259332,0.6927799279327372,0.028693292049270513,4.3207151746245325,30103,29761,29972,2,2,2,0,0
34560,홍성군,충청남도,Chungnam,car,6.415585821409593,4.961071966035141,5.050182472629106,-1.3654033487804869,-21.28259814129474,101618,100339,100015,12,11,11,-1,-8.333333333333332
34570,예산군,충청남도,Chungnam,car,2.683265786377304,2.572738966050385,2.8817857097779855,0.19851992340068136,7.398444254331752,76490,76967,79229,5,5,5,0,0
34580,태안군,충청남도,Chungnam,car,1.2508750103674213,1.230982293006232,1.2329631832903696,-0.017911827077051745,-1.4319437936321453,60285,60654,60516,3,3,3,0,0
38080,밀양시,경상남도,Gyeongnam,car,3.5187014542847885,3.5521885521885523,3.5351184566567384,0.016417002371949874,0.46656423073229425,101837,101574,102738,6,6,6,0,0
22520,군위군,대구광역시,Daegu,car,0.48461357763683344,0.508372711841079,0.4897013624478187,0.005087784810985263,1.0498642724364646,21285,21797,21799,2,2,2,0,0
33030,제천시,충청북도,Chungbuk,car,8.46785046728972,8.330453249103009,7.986434417819932,-0.48141604946978855,-5.685221430508728,133750,130436,131583,11,10,10,-1,-9.090909090909092
36560,보성군,전라남도,Jeonnam,car,0.8260728482193559,0.8167420814479638,0.8026421916284244,-0.023430656590931465,-2.836391081178554,36981,36244,35955,4,4,4,0,0
36570,화순군,전라남도,Jeonnam,car,3.6360416389517094,3.6436260907358498,3.2903595376891195,-0.3456821012625899,-9.50709963162721,60136,59822,59354,5,5,5,0,0
37030,김천시,경상북도,Gyeongbuk,car,7.768950870529566,6.5478583566936335,6.525809057367207,-1.2431418131623593,-16.001411694827993,137962,137698,137413,14,14,13,-1,-7.142857142857142
32040,동해시,강원특별자치도,Gangwon,car,7.573248991565824,7.688897340155811,7.669887035791329,0.09663804422550548,1.2760447244390003,87264,86772,86222,8,8,8,0,0
34530,부여군,충청남도,Chungnam,car,1.727501401906593,1.7962297295099299,1.367988719647161,-0.3595126822594321,-20.811136932372293,62415,61481,60991,4,3,3,-1,-25
34540,서천군,충청남도,Chungnam,car,3.561645205150764,3.1666969641883296,2.8892562989410475,-0.6723889062097164,-18.878604338167204,50012,49509,49294,4,4,4,0,0
35520,진안군,전북특별자치도,Jeonbuk,car,0.8763620386643234,0.8462795319054979,0.8412205051875848,-0.03514153347673854,-4.009933329642881,22760,22645,22843,3,3,3,0,0
35530,무주군,전북특별자치도,Jeonbuk,car,1.0072181125308226,1.005561535701471,1.017945627427347,0.01072751489652446,1.0650637397266005,22305,22296,22401,3,3,3,0,0
35540,장수군,전북특별자치도,Jeonbuk,car,0.29589377919842635,0.29496905569974047,0.2952194436075123,-6.743355909140658e-4,-0.2278978600837216,20335,20036,19914,1,1,2,1,100
38060,사천시,경상남도,Gyeongnam,car,3.412381664629809,3.4058070416095108,3.505210626742991,0.09282896211318237,2.72035695993147,109646,109350,109008,9,9,10,1,11.11111111111111
38510,의령군,경상남도,Gyeongnam,car,1.1423494570582429,1.142497603068073,1.1213598098844,-0.020989647173842885,-1.8374103514606672,25325,25032,24827,3,3,3,0,0
35580,부안군,전북특별자치도,Jeonbuk,car,1.9381020185945221,1.997487967575783,2.0066804686999764,0.06857845010545427,3.538433449194082,47756,47372,46853,4,4,4,0,0
36520,곡성군,전라남도,Jeonnam,car,0.4938575856017326,0.4965978679972783,0.4995242263921136,0.0056666407903809835,1.1474240662875632,26781,26454,26273,2,2,2,0,0
36530,구례군,전라남도,Jeonnam,car,1.0485494626852991,1.039585581696525,1.054424740106578,0.005875277421278913,0.560324298505912,23543,23165,22894,2,2,2,0,0
36550,고흥군,전라남도,Jeonnam,car,0.6653644285156184,0.6830632781852294,0.6857580658891632,0.020393637373544826,3.0650327098251418,58873,58630,58735,3,3,3,0,0
32050,태백시,강원특별자치도,Gangwon,car,3.2350043322193343,3.2309717996574028,3.2556148340923876,0.020610501873053355,0.6371089419504355,40395,39113,38425,5,5,5,0,0
32060,속초시,강원특별자치도,Gangwon,car,7.73348099848187,7.731938247036575,7.740561760065592,0.007080761583722506,0.09155982390223112,80362,80903,80497,8,8,8,0,0
32070,삼척시,강원특별자치도,Gangwon,car,2.4800508811119384,2.749879450605858,2.7709861194170786,0.29093523830514023,11.731018928720466,64464,64289,63542,5,5,5,0,0
32510,홍천군,강원특별자치도,Gangwon,car,1.8461573608699626,1.8214674538066395,1.8347386690012133,-0.011418691868749331,-0.6185112986992893,65658,65215,65109,4,4,4,0,0
32520,횡성군,강원특별자치도,Gangwon,car,0.8085077831454643,0.8124108416547788,0.7958243246194501,-0.012683458526014268,-1.5687490943710924,44712,44864,45789,2,2,2,0,0
32530,영월군,강원특별자치도,Gangwon,car,1.9235613524406627,1.9333875581982387,1.8984289367921081,-0.025132415648554618,-1.3065564878742224,35728,35654,35581,4,4,4,0,0
36660,완도군,전라남도,Jeonnam,car,1.010188519381487,0.9994665300983718,0.9857517574231456,-0.024436761958341435,-2.41902986318865,47210,46863,47655,3,3,3,0,0
36670,진도군,전라남도,Jeonnam,car,0.7766518457243304,0.7551217826913111,0.764273252830705,-0.012378592893625417,-1.593840658690606,29013,28945,29233,2,2,2,0,0
36680,신안군,전라남도,Jeonnam,car,0.3781470588235294,0.33911210026941546,0.3538929370589248,-0.02425412176460462,-6.413939021517906,34000,34148,34858,1,1,1,0,0
37080,상주시,경상북도,Gyeongbuk,car,4.1537099080258635,4.100924813320745,3.7414130551672224,-0.41229685285864104,-9.925990547919454,93722,93208,92990,9,8,8,-1,-11.11111111111111
33540,영동군,충청북도,Chungbuk,car,0.803736881394634,0.7913404697235981,0.8183663801854233,0.014629498790789341,1.8201850791523244,45546,43813,44331,2,2,2,0,0
36580,장흥군,전라남도,Jeonnam,car,1.284025913388584,1.2715381413877163,1.2577853635165888,-0.02624054987199531,-2.043615288319664,34268,33638,33396,3,3,3,0,0
36590,강진군,전라남도,Jeonnam,car,1.3851476159168468,1.3861990087685856,1.4308194204567262,0.0456718045398794,3.297251788550252,31941,31476,31266,3,3,3,0,0
32540,평창군,강원특별자치도,Gangwon,car,0.23481728951389427,0.23215070156851597,0.22744423624836366,-0.007373053265530616,-3.139910728376902,38613,38699,38959,2,2,2,0,0
32550,정선군,강원특별자치도,Gangwon,car,1.3216125022198544,1.0664088265275529,1.0397645839051017,-0.28184791831475264,-21.326063262971946,33786,33354,32793,6,6,6,0,0
32560,철원군,강원특별자치도,Gangwon,car,1.033711623461952,1.0644792805930248,1.079701243182153,0.045989619720201214,4.448979645423709,41855,41145,40702,4,4,4,0,0
32570,화천군,강원특별자치도,Gangwon,car,0.6794127836480166,0.6857839875803947,0.692651528696585,0.013238745048568368,1.9485569549464004,23092,22545,22372,2,2,2,0,0
32580,양구군,강원특별자치도,Gangwon,car,0.9415273898016192,0.9682097579715713,0.9586974167979755,0.01717002699635628,1.82363542286051,21121,20824,20943,2,2,2,0,0
32590,인제군,강원특별자치도,Gangwon,car,0.9924682099771764,0.979356091247371,0.9438869482375357,-0.048581261739640724,-4.894994242763497,30670,30905,31490,3,3,3,0,0
32610,양양군,강원특별자치도,Gangwon,car,1.727921297686993,1.717307837084996,1.6885653008240207,-0.03935599686297242,-2.277649851046724,26632,26566,26577,3,3,3,0,0
38600,합천군,경상남도,Gyeongnam,car,0.7881255843708479,0.7941968963624569,0.8220939319837648,0.033968347612916894,4.310017119928096,40642,40082,39667,3,3,3,0,0
32600,고성군,강원특별자치도,Gangwon,car,0.939812382739212,0.9601135400154828,1.5891194131818345,0.6493070304426225,69.08900567474203,26650,27127,27811,0,2,0,0,NA
11010,종로구,서울특별시,Seoul,transit,313.2412270389255,258.67684211002046,266.1750559245856,-47.06617111433991,-15.02553529088658,148857,147512,146179,92,86,84,-8,-8.695652173913043
11020,중구,서울특별시,Seoul,transit,436.11192436597787,399.31675807872347,390.3553084697226,-45.756615896255255,-10.491943315417595,126310,125257,127576,127,124,119,-8,-6.299212598425196
11030,용산구,서울특별시,Seoul,transit,314.02129561547144,276.2373815452249,296.66342242769326,-17.357873187778182,-5.527610206740062,221681,219282,214791,61,60,55,-6,-9.836065573770492
11040,성동구,서울특별시,Seoul,transit,309.2388664509365,282.1955078787277,286.9716373226545,-22.267229128281997,-7.200656691003261,286469,282131,277683,52,48,47,-5,-9.615384615384617
11050,광진구,서울특별시,Seoul,transit,241.2632049261642,204.6602057414841,203.16324678308823,-38.09995814307598,-15.7918643892408,347099,346519,348160,46,40,40,-6,-13.043478260869565
11060,동대문구,서울특별시,Seoul,transit,243.55492373657745,206.36565595218067,205.6231969752724,-37.93172676130504,-15.574198287336205,348201,350709,355999,49,48,47,-2,-4.081632653061225
11070,중랑구,서울특별시,Seoul,transit,123.60184710422544,111.07386179301395,113.69953835110984,-9.902308753115605,-8.011456936210369,380307,379127,376621,28,26,25,-3,-10.714285714285714
11080,성북구,서울특별시,Seoul,transit,212.5617633619512,159.36257613661292,168.89441461795656,-43.66734874399464,-20.543369632118484,435509,436113,432874,46,45,46,0,0
11090,강북구,서울특별시,Seoul,transit,122.75556113748287,92.85678462386664,100.59037673100948,-22.165184406473387,-18.056358670096408,292611,287788,284155,24,22,21,-3,-12.5
11100,도봉구,서울특별시,Seoul,transit,89.79115674859854,75.56207564354222,77.36533180409272,-12.42582494450582,-13.83858432662386,309200,304137,299931,22,20,20,-2,-9.090909090909092
11110,노원구,서울특별시,Seoul,transit,88.82267045556021,78.45077215734699,78.2404027352078,-10.58226772035242,-11.913926552846599,503929,496423,492979,51,48,46,-5,-9.803921568627452
11120,은평구,서울특별시,Seoul,transit,81.8434659349709,70.7361407737984,77.77807248757142,-4.065393447399472,-4.967279184668999,457385,454649,452988,36,36,35,-1,-2.7777777777777777
11130,서대문구,서울특별시,Seoul,transit,223.55160702004255,176.98686178167057,192.34558731665877,-31.206019703383788,-13.959201689203695,314547,318308,320168,46,42,41,-5,-10.869565217391305
11140,마포구,서울특별시,Seoul,transit,269.07936723083395,233.95151598765688,238.96001946243103,-30.119347768402918,-11.193480971197827,365199,362415,361380,80,73,71,-9,-11.25
11150,양천구,서울특별시,Seoul,transit,147.78377402376245,139.7556198831642,135.73313234560416,-12.050641678158286,-8.154238689438692,433373,426981,422248,56,50,47,-9,-16.071428571428573
11160,강서구,서울특별시,Seoul,transit,112.8007220554078,101.96622386011485,100.79558899258858,-12.005133062819226,-10.642780333376143,559837,555999,549557,62,60,61,-1,-1.6129032258064515
11170,구로구,서울특별시,Seoul,transit,142.17987619852033,124.31060581048553,130.0377356633766,-12.142140535143739,-8.53998530578978,426220,424038,423397,54,52,51,-3,-5.555555555555555
11180,금천구,서울특별시,Seoul,transit,107.35851610225899,86.84304738016736,97.11766181295587,-10.240854289303115,-9.538930548880446,247398,247185,245860,46,44,44,-2,-4.3478260869565215
11190,영등포구,서울특별시,Seoul,transit,278.95725471317303,235.09000385759262,239.372915751245,-39.58433896192804,-14.190109163007467,402984,401805,400544,116,101,97,-19,-16.379310344827587
11200,동작구,서울특별시,Seoul,transit,203.30248470731317,163.02389131025205,179.1902137265061,-24.112270980807068,-11.860293304098365,388094,386605,384089,44,38,38,-6,-13.636363636363635
11210,관악구,서울특별시,Seoul,transit,120.21971202106323,100.73567283954345,110.0674813693974,-10.152230651665832,-8.444730469731203,495777,496743,493677,36,33,33,-3,-8.333333333333332
11220,서초구,서울특별시,Seoul,transit,309.00842633141474,259.84402453844706,274.699465565439,-34.30896076597571,-11.102920775752242,392302,383181,385267,156,149,145,-11,-7.051282051282051
11230,강남구,서울특별시,Seoul,transit,355.0310780175964,322.6853680936414,310.6182842089885,-44.412793808607944,-12.509551010744675,503019,500149,511084,254,245,238,-16,-6.299212598425196
11240,송파구,서울특별시,Seoul,transit,207.50235930804135,191.89807888116758,177.26839996364083,-30.233959344400517,-14.570417148615455,634720,635758,630744,120,108,105,-15,-12.5
11250,강동구,서울특별시,Seoul,transit,115.49555714673129,97.97811904470026,95.0462463881381,-20.449310758593185,-17.705712032380056,451099,448655,446561,51,46,46,-5,-9.803921568627452
21010,중구,부산광역시,Busan,transit,115.8840487252943,86.18735771863734,77.89389598307275,-37.990152742221554,-32.78290080481918,41539,41145,40487,24,24,24,0,0
21020,서구,부산광역시,Busan,transit,96.40465123723551,71.68549823195706,63.2786195367224,-33.12603170051311,-34.36144550639529,104130,104824,103883,13,13,13,0,0
21030,동구,부산광역시,Busan,transit,135.14574688595727,102.358599672556,88.57634578231992,-46.56940110363735,-34.45865088372698,86035,85918,87477,20,18,18,-2,-10
21040,영도구,부산광역시,Busan,transit,47.9616737862701,36.75489509110709,31.810686327388186,-16.15098745888191,-33.67477859687504,112834,109889,109389,17,16,16,-1,-5.88235294117647
21050,부산진구,부산광역시,Busan,transit,130.70324780776062,99.22895608963566,81.48056858356483,-49.22267922419579,-37.65987460127456,351201,350426,355644,57,56,55,-2,-3.508771929824561
21060,동래구,부산광역시,Busan,transit,110.25130979045917,81.78097361686844,71.37244274914764,-38.87886704131154,-35.26385955432522,259838,267292,265047,37,37,37,0,0
21070,남구,부산광역시,Busan,transit,83.60405618758404,61.27442952985459,49.646452822108365,-33.95760336547567,-40.617172077493876,264756,258062,258412,30,28,29,-1,-3.3333333333333335
21080,북구,부산광역시,Busan,transit,40.09449576803722,32.81623243099403,29.72237784691697,-10.37211792112025,-25.869181598210194,279815,275580,270951,23,23,23,0,0
21090,해운대구,부산광역시,Busan,transit,48.564343822095125,38.71737199727465,35.480420602455446,-13.08392321963968,-26.94141872393,386064,377199,370849,60,60,59,-1,-1.6666666666666667
21100,사하구,부산광역시,Busan,transit,53.616015893260084,43.56567766776678,35.60982422323805,-18.006191670022034,-33.583606260243485,305790,303000,298826,38,35,34,-4,-10.526315789473683
21110,금정구,부산광역시,Busan,transit,57.744773740417926,44.21775011282845,41.174962068292096,-16.56981167212583,-28.69491141590177,233596,227484,221890,25,24,23,-2,-8
21120,강서구,부산광역시,Busan,transit,20.523762109164263,16.4186286241715,12.980498767077023,-7.54326334208724,-36.75380420979945,142110,143734,144102,37,37,36,-1,-2.7027027027027026
21130,연제구,부산광역시,Busan,transit,138.81980564929071,104.02458644345545,92.31560960782437,-46.504196041466344,-33.499683870004,201217,199751,198491,32,30,30,-2,-6.25
21140,수영구,부산광역시,Busan,transit,101.20894935176507,73.80236402030505,67.06254650844005,-34.14640284332502,-33.73852120986326,170720,170007,170220,21,19,19,-2,-9.523809523809524
21150,사상구,부산광역시,Busan,transit,73.21375856989064,51.83611261444099,43.297093967842365,-29.91666460204828,-40.86208000575399,211788,206948,208245,33,33,33,0,0
21510,기장군,부산광역시,Busan,transit,7.290450659911395,6.87959381321597,6.43128276348817,-0.8591678964232248,-11.784839326155822,172902,174501,175691,15,15,15,0,0
22010,중구,대구광역시,Daegu,transit,115.76160858939507,116.37317662641483,119.39625570776256,3.6346471183674964,3.139769015528752,72834,77512,85775,36,32,31,-5,-13.88888888888889
22020,동구,대구광역시,Daegu,transit,29.568172913215708,29.968542701594412,36.175195452373785,6.607022539158077,22.34504836856193,332637,332954,335589,34,31,30,-4,-11.76470588235294
22030,서구,대구광역시,Daegu,transit,72.06654478055462,70.86794418801398,68.81011920989367,-3.2564255706609515,-4.518637018850969,165455,160754,161396,20,18,17,-3,-15
22040,남구,대구광역시,Daegu,transit,65.19719273787999,65.10324864201857,67.22593132708948,2.028738589209496,3.111696231102886,144898,142675,141259,19,19,19,0,0
22050,북구,대구광역시,Daegu,transit,35.705099532151635,34.95473549387704,37.56812260643285,1.863023074281216,5.217806696221658,444446,439303,430146,54,49,46,-8,-14.814814814814813
22060,수성구,대구광역시,Daegu,transit,49.78598045341861,51.82698194594219,59.145104446603334,9.359123993184724,18.798713830576112,408085,402458,396295,56,51,51,-5,-8.928571428571429
22070,달서구,대구광역시,Daegu,transit,41.26400151192292,40.05875237506413,38.06239364999395,-3.20160786192897,-7.758840017015532,554702,545073,539884,72,64,63,-9,-12.5
22510,달성군,대구광역시,Daegu,transit,10.372142765448134,9.460693614105757,9.63225860809976,-0.7398841573483743,-7.133378069313601,264854,266123,267045,22,21,20,-2,-9.090909090909092
22520,군위군,대구광역시,Daegu,transit,0.38325111580925536,0.38549647505008333,0.36985641543190056,-0.013394700377354796,-3.4950192771314352,21285,21797,21799,2,2,2,0,0
23010,중구,인천광역시,Incheon,transit,12.503323739518523,9.980613260768568,9.811568547686544,-2.6917551918319784,-21.528317173171367,141758,150670,157326,24,23,23,-1,-4.166666666666666
23020,동구,인천광역시,Incheon,transit,34.93540311969382,30.32603854586361,31.274394694876808,-3.661008424817009,-10.47936505061601,61053,58078,59364,6,6,6,0,0
23040,연수구,인천광역시,Incheon,transit,33.35256952473427,30.557387487265537,28.834308094804427,-4.518261429929844,-13.546966528558169,399594,400488,408476,41,41,40,-1,-2.4390243902439024
23050,남동구,인천광역시,Incheon,transit,46.077423656615466,41.02024376603467,38.39028042453947,-7.6871432320759965,-16.68310122840892,521165,511392,500087,57,56,55,-2,-3.508771929824561
23060,부평구,인천광역시,Incheon,transit,69.22797139743774,60.843999914367636,54.79046135722089,-14.43751004021685,-20.855023986375556,494641,498254,498558,38,32,31,-7,-18.421052631578945
23070,계양구,인천광역시,Incheon,transit,39.388050878621975,37.88472070858872,34.779297019252994,-4.608753859368981,-11.700893434842193,290967,288122,279818,17,18,18,1,5.88235294117647
23080,서구,인천광역시,Incheon,transit,24.488250705653336,21.074193139426356,19.978946623612202,-4.509304082041133,-18.414153531187587,551026,581069,621848,47,45,47,0,0
23090,미추홀구,인천광역시,Incheon,transit,55.88016052540884,47.63560781726434,48.20031522553809,-7.679845299870749,-13.743420254454538,412022,415303,414941,30,31,32,2,6.666666666666667
23510,강화군,인천광역시,Incheon,transit,1.595024354183755,1.5690780889290374,1.5830578450019623,-0.01196650918179265,-0.750239903886386,65834,66420,66246,5,5,5,0,0
24010,동구,광주광역시,Gwangju,transit,59.259608070472474,50.01557670225428,48.94937776746179,-10.310230303010684,-17.398411225989875,108676,111181,112016,29,29,29,0,0
24020,서구,광주광역시,Gwangju,transit,55.89167369320691,50.40428113656888,47.008146898861796,-8.883526794345116,-15.89418639188975,290565,286793,284014,46,43,43,-3,-6.521739130434782
24030,남구,광주광역시,Gwangju,transit,47.261567544906114,42.780818001438796,41.02159206943499,-6.239975475471127,-13.203064984127206,216266,214531,211536,21,19,19,-2,-9.523809523809524
24040,북구,광주광역시,Gwangju,transit,39.49108155586118,33.551256157333285,32.765967337371606,-6.725114218489573,-17.02945058361271,436997,434712,432033,43,42,42,-1,-2.3255813953488373
24050,광산구,광주광역시,Gwangju,transit,20.86569463696331,18.85569228580574,17.62561588153996,-3.2400787554233474,-15.52825732282878,422758,421755,417491,35,33,34,-1,-2.857142857142857
25010,동구,대전광역시,Daejeon,transit,34.470376360418335,29.144015176404814,27.69717063392053,-6.773205726497807,-19.649352405317362,233721,231324,230134,18,18,18,0,0
25020,중구,대전광역시,Daejeon,transit,46.65754393836752,40.55348468487763,38.45597963914562,-8.2015642992219,-17.578216954702526,227326,224114,220292,19,18,18,-1,-5.263157894736842
25030,서구,대전광역시,Daejeon,transit,51.12995151410674,44.65685534432055,42.89946151391557,-8.230490000191175,-16.097198914652566,475671,474248,469031,57,56,54,-3,-5.263157894736842
25040,유성구,대전광역시,Daejeon,transit,19.73891787008197,16.919181689102157,16.10872900729799,-3.6301888627839816,-18.39102268258694,367288,369281,379100,41,42,41,0,0
25050,대덕구,대전광역시,Daejeon,transit,26.843001354319597,20.866599883606668,20.652458488328996,-6.190542865990601,-23.06203685749326,175734,174695,171779,15,14,14,-1,-6.666666666666667
26010,중구,울산광역시,Ulsan,transit,70.11465724988666,59.495190318408255,53.30597017369744,-16.808687076189223,-23.973143042379196,209555,204622,203534,22,21,23,1,4.545454545454546
26020,남구,울산광역시,Ulsan,transit,72.40413998632022,62.926716306951356,56.919143949240016,-15.484996037080201,-21.386893125180247,315307,311172,308537,59,56,57,-2,-3.389830508474576
26030,동구,울산광역시,Ulsan,transit,16.70105884722347,14.046670949099608,13.367098318594776,-3.3339605286286957,-19.962569793489244,155578,154118,157071,12,12,12,0,0
26040,북구,울산광역시,Ulsan,transit,24.582371419715106,18.70454363706267,17.50540206032068,-7.076969359394425,-28.78879843837476,216149,216750,214918,17,16,17,0,0
26510,울주군,울산광역시,Ulsan,transit,11.552034076241798,8.35941506517641,8.765612968500976,-2.7864211077408214,-24.120610183027807,224164,223854,223372,14,14,15,1,7.142857142857142
29010,세종시,세종특별자치시,Sejong,transit,16.334396426260216,16.985589409697265,16.670054703943705,0.3356582776834891,2.0549169306547714,366227,382589,386261,44,44,44,0,0
31011,수원시 장안구,경기도,Gyeonggi,transit,41.25119456464089,34.10073432555422,31.552122205305785,-9.699072359335105,-23.51222179550848,277786,276081,275209,21,19,18,-3,-14.285714285714285
31012,수원시 권선구,경기도,Gyeonggi,transit,41.120020202896356,34.96688640959975,32.880272869664104,-8.239747333232252,-20.038286198730688,368924,371343,372852,20,21,21,1,5
31013,수원시 팔달구,경기도,Gyeonggi,transit,66.35683935631997,59.29651334756987,55.91852061827258,-10.438318738047386,-15.730584577719519,195418,205106,211665,36,32,33,-3,-8.333333333333332
31014,수원시 영통구,경기도,Gyeonggi,transit,55.736554808865975,49.52550535660131,47.44605185160941,-8.290502957256564,-14.8744445825306,366209,363819,366636,41,39,41,0,0
31021,성남시 수정구,경기도,Gyeonggi,transit,56.77962820313204,48.70552754758946,45.56037253520154,-11.219255667930504,-19.75929752092254,244058,242193,241230,30,28,29,-1,-3.3333333333333335
31022,성남시 중원구,경기도,Gyeonggi,transit,55.166453124253,46.791303072463194,41.61213458967239,-13.554318534580617,-24.569856800566516,209170,203409,210665,22,19,19,-3,-13.636363636363635
31023,성남시 분당구,경기도,Gyeonggi,transit,75.6066327868235,67.705087405174325,64.11094969722892,-11.495683089594579,-15.204596033270262,460254,459088,451221,99,93,90,-9,-9.090909090909092
31030,의정부시,경기도,Gyeonggi,transit,31.4235488106373,27.133431693941045,23.942272412335555,-7.481276398301745,-23.80786601597726,455454,455128,458966,37,33,33,-4,-10.81081081081081
31041,안양시 만안구,경기도,Gyeonggi,transit,57.73683754606703,43.891647904887655,42.558303613073505,-15.178533932993524,-26.28916750226038,240501,236296,234408,15,14,13,-2,-13.333333333333334
31042,안양시 동안구,경기도,Gyeonggi,transit,81.71173951505891,66.80618109447508,65.1420221017712,-16.569717413287705,-20.278258071147807,298428,304493,302751,49,47,47,-2,-4.081632653061225
31051,부천시 원미구,경기도,Gyeonggi,transit,76.69610744174054,68.26637465575456,64.16253823347166,-12.533569208268872,-16.341858311113835,414997,411286,405077,53,49,46,-7,-13.20754716981132
31052,부천시 소사구,경기도,Gyeonggi,transit,63.807464133996675,50.503170950488744,49.65021302478721,-14.157251109209462,-22.18745299057648,243011,238572,242773,16,14,14,-2,-12.5
31053,부천시 오정구,경기도,Gyeonggi,transit,56.62253457816762,47.8539373861396,48.80682825609333,-7.815706322074284,-13.803172853883241,164627,160284,155662,11,11,10,-1,-9.090909090909092
31060,광명시,경기도,Gyeonggi,transit,70.48454367505323,63.28378240403336,62.45574510010397,-8.028798574949263,-11.390864090662923,290345,284031,275397,26,25,25,-1,-3.8461538461538463
31070,평택시,경기도,Gyeonggi,transit,10.676237559122221,9.697061190603264,8.962699101943057,-1.7135384571791636,-16.050021814239653,571838,590205,605678,43,44,45,2,4.651162790697675
31080,동두천시,경기도,Gyeonggi,transit,6.3939368397392675,5.301227578197475,5.37772131009883,-1.0162155296404372,-15.893424585061688,94912,94142,91301,6,6,6,0,0
31091,안산시 상록구,경기도,Gyeonggi,transit,22.33460194505214,18.019938956648357,18.02496322121305,-4.30963872383909,-19.295793739426006,364309,362147,355957,16,14,14,-2,-12.5
31092,안산시 단원구,경기도,Gyeonggi,transit,34.08489632610793,28.50311477933517,27.109781326387118,-6.975114999720812,-20.463946649525525,354075,352941,353190,58,55,55,-3,-5.172413793103448
31101,고양시 덕양구,경기도,Gyeonggi,transit,23.284636356654634,18.839944440923592,18.91904646893355,-4.365589887721082,-18.748799941955795,468756,473370,484424,27,24,24,-3,-11.11111111111111
31103,고양시 일산동구,경기도,Gyeonggi,transit,40.90710227725182,38.417663551723784,38.19185500951768,-2.715247267734142,-6.637593758979291,293014,290321,285959,39,37,35,-4,-10.256410256410255
31104,고양시 일산서구,경기도,Gyeonggi,transit,42.11253560758501,38.17013959434589,37.17312689462945,-4.9394087129555615,-11.729069840349176,287743,280551,277209,26,23,23,-3,-11.538461538461538
31110,과천시,경기도,Gyeonggi,transit,46.62368700667881,35.7513622864616,34.62194322954632,-12.00174377713249,-25.74173032564595,65880,73406,76824,12,12,12,0,0
31120,구리시,경기도,Gyeonggi,transit,30.893069503757584,22.259466055451153,24.837529864662095,-6.055539639095489,-19.601612064993873,187798,184114,183048,14,14,15,1,7.142857142857142
31130,남양주시,경기도,Gyeonggi,transit,9.90212772119831,8.951912293520548,9.044955498799322,-0.8571722223989884,-8.656444822095844,713549,719886,716123,38,36,36,-2,-5.263157894736842
31140,오산시,경기도,Gyeonggi,transit,11.5389728308646,9.308626275783608,9.770218839200762,-1.7687539916638375,-15.328522023491992,242297,242596,243832,11,11,13,2,18.181818181818183
31150,시흥시,경기도,Gyeonggi,transit,13.641161649887922,11.343865978796035,11.218250052041645,-2.4229115978462765,-17.761768829021857,554074,557663,568455,46,44,44,-2,-4.3478260869565215
31160,군포시,경기도,Gyeonggi,transit,51.071596109593024,43.29135823218176,40.81497492476166,-10.256621184831367,-20.082828746573707,270443,267750,263939,22,20,18,-4,-18.181818181818183
31170,의왕시,경기도,Gyeonggi,transit,49.73783946954793,35.910033604969975,34.43463532918142,-15.30320414036651,-30.767729968922197,160115,157318,154788,11,11,10,-1,-9.090909090909092
31180,하남시,경기도,Gyeonggi,transit,29.772018528824436,27.548118196844573,27.546029057301446,-2.2259894715229898,-7.476783844427105,305470,315203,320562,23,23,23,0,0
31191,용인시 처인구,경기도,Gyeonggi,transit,6.825150899178834,5.596492141598757,4.8164619867034055,-2.008688912475429,-29.430688671178,268115,268863,274005,13,12,12,-1,-7.6923076923076925
31192,용인시 기흥구,경기도,Gyeonggi,transit,24.144065138426043,17.680944716190087,16.67654422124353,-7.467520917182512,-30.929012468980275,435708,431163,428463,38,35,35,-3,-7.894736842105263
31193,용인시 수지구,경기도,Gyeonggi,transit,42.84953996618288,34.135556079903274,33.35210597211058,-9.497433994072303,-22.16461133904293,363524,364474,364511,37,34,33,-4,-10.81081081081081
31200,파주시,경기도,Gyeonggi,transit,10.259112424209265,8.812681222173545,9.066125084706298,-1.1929873395029666,-11.628562883157192,475212,490765,495339,33,32,32,-1,-3.0303030303030303
31210,이천시,경기도,Gyeonggi,transit,4.148502899138471,3.972259268551408,3.927511168441228,-0.22099173069724287,-5.3270236533554485,229321,227193,228695,14,14,14,0,0
31220,안성시,경기도,Gyeonggi,transit,5.695946973226678,4.991749712793817,4.878926438202069,-0.8170205350246089,-14.343892927110199,203897,208619,210390,11,11,11,0,0
31230,김포시,경기도,Gyeonggi,transit,16.81191429400644,15.108323884628772,14.559587540103253,-2.2523267539031853,-13.397205782247863,491572,491249,496323,38,37,36,-2,-5.263157894736842
31240,화성시,경기도,Gyeonggi,transit,17.371449386810475,13.236262424778559,12.87550265734304,-4.495946729467436,-25.881241279044044,906381,931472,974156,71,72,72,1,1.4084507042253522
31250,광주시,경기도,Gyeonggi,transit,6.088274009113576,5.237108683738584,5.233631559432805,-0.854642449680771,-14.037516189341204,387700,392926,394667,14,14,14,0,0
31260,양주시,경기도,Gyeonggi,transit,5.6076897414512095,4.457656879085303,4.692894750180177,-0.914794991271032,-16.313224044993134,239800,242995,269641,14,14,14,0,0
31270,포천시,경기도,Gyeonggi,transit,4.432616125852887,3.78219641845316,3.665126354403362,-0.7674897714495246,-17.314600444942673,157602,163542,157111,12,12,12,0,0
31280,여주시,경기도,Gyeonggi,transit,2.1980492039669226,2.1739142530007936,1.845058957013802,-0.35299024695312053,-16.05925137235611,113270,113831,116045,7,6,6,-1,-14.285714285714285
31550,연천군,경기도,Gyeonggi,transit,1.2783687943262412,1.1289922818575213,1.115177083587355,-0.16319171073888628,-12.76562064587127,41642,41288,41007,3,3,3,0,0
31570,가평군,경기도,Gyeonggi,transit,0.6035463487066126,0.6133266393328313,0.650827308700516,0.04728095999390336,7.833857349187098,59714,59755,59893,4,4,3,-1,-25
31580,양평군,경기도,Gyeonggi,transit,0.5687926699880064,0.5152337181131538,0.5969999441278355,0.028207274139829153,4.959148671944724,115616,116950,119320,3,3,3,0,0
32010,춘천시,강원특별자치도,Gangwon,transit,12.845629110008916,12.518405748647899,12.529947738606424,-0.3156813714024924,-2.457500280437984,287104,293124,292504,25,25,25,0,0
32020,원주시,강원특별자치도,Gangwon,transit,10.116674691510088,8.578377232986005,8.16600486327297,-1.9506698282371175,-19.281729300578572,357224,361810,364912,32,31,31,-1,-3.125
32030,강릉시,강원특별자치도,Gangwon,transit,6.584921038049501,6.022874753635045,5.471789546555902,-1.1131314914935988,-16.90424964948883,216560,215128,213786,18,17,17,-1,-5.555555555555555
32040,동해시,강원특별자치도,Gangwon,transit,4.603137987409852,4.031627521934879,3.7923422483047635,-0.8107957391050884,-17.613978579888638,87264,86772,86222,8,8,8,0,0
32050,태백시,강원특별자치도,Gangwon,transit,2.180360605685522,2.107385438771423,2.1134851442203426,-0.06687546146517942,-3.0671743605527704,40395,39113,38425,5,5,5,0,0
32060,속초시,강원특별자치도,Gangwon,transit,6.824131222883121,6.485674202439959,6.362444149057315,-0.4616870738258063,-6.765506974391805,80362,80903,80497,8,8,8,0,0
32070,삼척시,강원특별자치도,Gangwon,transit,2.025747187060478,1.9755193993788467,1.9469951633040612,-0.07875202375641699,-3.8875543927419938,64464,64289,63542,5,5,5,0,0
32510,홍천군,강원특별자치도,Gangwon,transit,1.3932777930082143,1.3829742646119247,1.38000762823368,-0.013270164774534354,-0.9524421361717719,65658,65215,65109,4,4,4,0,0
32520,횡성군,강원특별자치도,Gangwon,transit,0.6805220075147611,0.6670418747028055,0.6473061215575794,-0.03321588595718172,-4.880942216473615,44712,44864,45789,2,2,2,0,0
32530,영월군,강원특별자치도,Gangwon,transit,1.6366715181370355,1.6491417512761541,1.6159701338729473,-0.020701384264088185,-1.264846613060868,35728,35654,35581,4,4,4,0,0
32540,평창군,강원특별자치도,Gangwon,transit,0.19845647838810762,0.2053799839789142,0.2017248902692574,0.003268411881149791,1.6469161942690447,38613,38699,38959,2,2,2,0,0
32550,정선군,강원특별자치도,Gangwon,transit,0.6075248130389312,0.5778567288281266,0.5778875573038962,-0.029637255735035062,-4.878361360548389,33786,33354,32793,6,6,6,0,0
32560,철원군,강원특별자치도,Gangwon,transit,0.8919842312746387,0.8970470288005833,0.8951157191292811,0.0031314878546424563,0.35106986702753523,41855,41145,40702,4,4,4,0,0
32570,화천군,강원특별자치도,Gangwon,transit,0.5124429816964028,0.5112072151992312,0.5176857977233447,0.005242816026941877,1.0231023185420436,23092,22545,22372,2,2,2,0,0
32580,양구군,강원특별자치도,Gangwon,transit,0.8675488849959756,0.8754001792803175,0.831972496776966,-0.03557638821900955,-4.1007934923660905,21121,20824,20943,2,2,2,0,0
32590,인제군,강원특별자치도,Gangwon,transit,0.565960221715031,0.5569001779647307,0.5580395892876046,-0.007920632427426466,-1.3995033791287572,30670,30905,31490,3,3,3,0,0
32600,고성군,강원특별자치도,Gangwon,transit,0.15808005003126954,0.2050417173541736,0.48543142401687583,0.3273513739856063,207.0794979637554,26650,27127,27811,0,2,0,0,NA
32610,양양군,강원특별자치도,Gangwon,transit,1.2046660658856514,1.2162789530477554,1.1931243807302054,-0.011541685155445958,-0.9580817026634426,26632,26566,26577,3,3,3,0,0
33020,충주시,충청북도,Chungbuk,transit,8.022121455559734,7.173316866172652,7.097581678164113,-0.924539777395621,-11.524878830585,215349,215783,215990,18,18,16,-2,-11.11111111111111
33030,제천시,충청북도,Chungbuk,transit,6.211034267912773,6.10539523853333,6.068219298845595,-0.14281496906717717,-2.2993749978966123,133750,130436,131583,11,10,10,-1,-9.090909090909092
33041,청주시 상당구,충청북도,Chungbuk,transit,17.375533768258876,14.992782796372689,13.858741324851906,-3.5167924434069704,-20.239910268721328,189611,191510,197451,20,18,17,-3,-15
33042,청주시 서원구,충청북도,Chungbuk,transit,24.39278152266195,22.053342571034143,19.864491877623085,-4.528289645038864,-18.564056095168514,195526,194132,195222,14,12,12,-2,-14.285714285714285
33043,청주시 흥덕구,충청북도,Chungbuk,transit,16.063550568042622,14.553568953063325,13.383769258287904,-2.679781309754718,-16.682372296234227,273483,274114,281394,26,26,25,-1,-3.8461538461538463
33044,청주시 청원구,충청북도,Chungbuk,transit,12.968358185873807,12.223214285714286,12.099201355810168,-0.8691568300636394,-6.70213466967928,198303,198744,196291,17,19,19,2,11.76470588235294
33520,보은군,충청북도,Chungbuk,transit,0.5075603263388191,0.5031390085737911,0.5019629899203776,-0.005597336418441512,-1.1027923436838996,30929,30636,30226,2,2,2,0,0
33530,옥천군,충청북도,Chungbuk,transit,1.7395571773146143,1.725852026187352,1.7088854465400907,-0.030671730774523676,-1.7631918728806706,48507,48013,47771,4,4,4,0,0
33540,영동군,충청북도,Chungbuk,transit,0.6720238879374698,0.6511081185949376,0.6460866361387442,-0.025937251798725636,-3.8595728908284035,45546,43813,44331,2,2,2,0,0
33550,진천군,충청북도,Chungbuk,transit,1.8980485732030203,1.829220955774501,1.986849213495048,0.08880064029202761,4.67852306551742,91779,93174,94405,5,4,4,-1,-20
33560,괴산군,충청북도,Chungbuk,transit,0.3453481141963794,0.33427702881311133,0.33543755151966387,-0.009910562676715529,-2.8697312275114863,37526,37830,37607,2,2,2,0,0
33570,음성군,충청북도,Chungbuk,transit,0.7844913052961354,0.7821948571948573,0.8819496885405217,0.09745838324438627,12.423131089718959,100866,102564,104615,10,10,10,0,0
33580,단양군,충청북도,Chungbuk,transit,0.6566556533145239,0.6492858762185445,0.6473576851886829,-0.00929796812584105,-1.4159579802456255,26937,26466,26473,2,2,2,0,0
33590,증평군,충청북도,Chungbuk,transit,3.273409363745498,3.27268957241428,3.28184950072574,0.008440136980242041,0.25783933637266415,36652,37778,38122,4,4,4,0,0
34011,천안시 동남구,충청남도,Chungnam,transit,21.739191491037626,20.160475531724625,17.491224668773373,-4.247966822264253,-19.540592500947213,270836,273967,275944,26,25,27,1,3.8461538461538463
34012,천안시 서북구,충청남도,Chungnam,transit,22.467008592945522,20.681524326221947,18.361125808454556,-4.105882784490966,-18.27516452626534,413052,413984,413907,37,37,34,-3,-8.108108108108109
34020,공주시,충청남도,Chungnam,transit,4.006263542689676,3.3164007242686586,3.320064519390573,-0.6861990232991029,-17.128154850202666,106915,106038,105498,7,7,7,0,0
34030,보령시,충청남도,Chungnam,transit,3.1131741794160934,3.1699633547816655,3.123012350775794,0.009838171359700443,0.3160173762441294,97390,96511,96890,7,7,7,0,0
34040,아산시,충청남도,Chungnam,transit,7.465840518992411,7.141191052422422,5.767992806417581,-1.6978477125748297,-22.741548098377688,348727,363197,376632,23,22,23,0,0
34050,서산시,충청남도,Chungnam,transit,4.129582471816425,4.082222515692875,4.045296386702348,-0.0842860851140772,-2.0410316464028235,177497,177947,178618,11,10,10,-1,-9.090909090909092
34060,논산시,충청남도,Chungnam,transit,3.808146145668105,3.7069155855269913,3.635143411688592,-0.17300273397951305,-4.542964669995912,117262,116852,115925,12,12,12,0,0
34070,계룡시,충청남도,Chungnam,transit,3.3132882610970262,2.4636929460580914,2.0604948462808443,-1.252793414816182,-37.81118079962603,41415,42416,44822,6,5,5,-1,-16.666666666666664
34080,당진시,충청남도,Chungnam,transit,3.276542168366695,3.1360318628596353,3.2803408495517896,0.0037986811850947433,0.11593567211705769,169507,171192,174955,12,11,11,-1,-8.333333333333332
34510,금산군,충청남도,Chungnam,transit,1.1788624863325452,1.2084753525830645,1.1443672665210953,-0.03449521981144987,-2.926144500429808,52436,52399,53124,3,3,3,0,0
34530,부여군,충청남도,Chungnam,transit,1.4438997035968917,1.3746154638560424,1.0219158017849628,-0.4219839018119289,-29.22529180944679,62415,61481,60991,4,3,3,-1,-25
34540,서천군,충청남도,Chungnam,transit,0.83079994134741,0.8581638355315869,0.8524161155515885,0.021616174204178495,2.6018507137977043,50012,49509,49294,4,4,4,0,0
34550,청양군,충청남도,Chungnam,transit,0.5069705123520358,0.5080474446423171,0.507935183949464,9.646715974281905e-4,0.19028159901306668,30103,29761,29972,2,2,2,0,0
34560,홍성군,충청남도,Chungnam,transit,3.533513747564408,3.0700193012354786,2.7828509056974786,-0.7506628418669292,-21.24409003316737,101618,100339,100015,12,11,11,-1,-8.333333333333332
34570,예산군,충청남도,Chungnam,transit,1.8185231184904347,1.879472154732981,1.9341087228161407,0.11558560432570597,6.356015117457191,76490,76967,79229,5,5,5,0,0
34580,태안군,충청남도,Chungnam,transit,1.0221061071023747,1.0178372407425726,1.0203621080926255,-0.0017439990097491975,-0.17062798056195527,60285,60654,60516,3,3,3,0,0
35011,전주시 완산구,전북특별자치도,Jeonbuk,transit,60.78810960472438,55.58194464955548,59.471239696857886,-1.3168699078664972,-2.1663281132271823,342394,338570,333353,49,49,47,-2,-4.081632653061225
35012,전주시 덕진구,전북특별자치도,Jeonbuk,transit,51.148299224328824,45.02371932354457,50.359202473828,-0.7890967505008248,-1.5427624426766646,328017,327314,324679,36,35,35,-1,-2.7777777777777777
35020,군산시,전북특별자치도,Jeonbuk,transit,16.506746750860938,15.207206429513308,13.374707760770209,-3.132038990090729,-18.974296009765656,267635,266438,265764,32,29,29,-3,-9.375
35030,익산시,전북특별자치도,Jeonbuk,transit,13.3102980546136,12.695312180389609,11.868060263653485,-1.4422377909601156,-10.835503345172716,280150,277030,274350,27,24,23,-4,-14.814814814814813
35040,정읍시,전북특별자치도,Jeonbuk,transit,3.569689746608847,3.3452036221006245,3.378271727784444,-0.191418018824403,-5.3623152826165725,104463,103255,102507,8,8,8,0,0
35050,남원시,전북특별자치도,Jeonbuk,transit,2.869250564982822,2.781444965607657,2.7185865278858277,-0.15066403709699427,-5.250989193336494,76551,75259,74554,6,6,6,0,0
35060,김제시,전북특별자치도,Jeonbuk,transit,2.097607203603511,2.0922280278157483,2.072204996882702,-0.025402206720809062,-1.2110087473560458,77998,78277,79663,5,5,5,0,0
35510,완주군,전북특별자치도,Jeonbuk,transit,3.4356898069712054,2.8872147949618907,3.228099773601843,-0.20759003336936255,-6.042164602524676,95029,94771,101002,8,8,9,1,12.5
35520,진안군,전북특별자치도,Jeonbuk,transit,0.6980008787346221,0.6517995142415545,0.6594142625749683,-0.038586616159653864,-5.528161544668253,22760,22645,22843,3,3,3,0,0
35530,무주군,전북특별자치도,Jeonbuk,transit,0.921049092131809,0.9218245425188375,0.9377259943752511,0.016676902243442093,1.8106420587031535,22305,22296,22401,3,3,3,0,0
35540,장수군,전북특별자치도,Jeonbuk,transit,0.1731005655274158,0.17293871032142144,0.1710354524455157,-0.0020651130819000774,-1.1930134806942634,20335,20036,19914,1,1,2,1,100
35550,임실군,전북특별자치도,Jeonbuk,transit,0.3611633396007521,0.3571141962924324,0.3564812925863968,-0.004682047014355262,-1.2963793666131864,24997,24922,24509,2,2,2,0,0
35560,순창군,전북특별자치도,Jeonbuk,transit,0.9972203691349789,1.0013252106491555,1.0426915799432355,0.04547121080825656,4.55979562949559,25483,25279,25368,3,3,3,0,0
35570,고창군,전북특별자치도,Jeonbuk,transit,0.9741376839911424,0.9569405061961773,0.9460619082349385,-0.028075775756203902,-2.8821157642905835,51180,50784,50731,3,3,3,0,0
35580,부안군,전북특별자치도,Jeonbuk,transit,1.4711868665717396,1.5092248585662416,1.5291148201111278,0.05792795353938818,3.9374980062441596,47756,47372,46853,4,4,4,0,0
36010,목포시,전라남도,Jeonnam,transit,20.13070317421564,19.329562511857333,18.175433968035485,-1.955269206180155,-9.712870878174572,221178,219625,217950,23,23,21,-2,-8.695652173913043
36020,여수시,전라남도,Jeonnam,transit,15.608388198908022,13.98630747485446,13.171418117719803,-2.4369700811882193,-15.613207783739721,268687,268139,267392,25,23,22,-3,-12
36030,순천시,전라남도,Jeonnam,transit,14.373225308923761,12.706708687848772,11.75984379805495,-2.6133815108688108,-18.182290019806942,273827,272085,272041,24,22,23,-1,-4.166666666666666
36040,나주시,전라남도,Jeonnam,transit,5.506026102010921,5.161479577761322,4.768126346015793,-0.7378997559951275,-13.401675588236502,115138,114785,117012,18,17,16,-2,-11.11111111111111
36060,광양시,전라남도,Jeonnam,transit,6.7005743301022935,5.2033245160789265,4.93614356733479,-1.7644307627675033,-26.332530255515678,144226,145926,147378,13,12,11,-2,-15.384615384615385
36510,담양군,전라남도,Jeonnam,transit,0.7961158801532149,0.6902444995256892,0.6458195279117063,-0.1502963522415086,-18.878702961255293,44034,43572,43763,3,3,3,0,0
36520,곡성군,전라남도,Jeonnam,transit,0.379746835443038,0.42306141478289355,0.3479237239751837,-0.031823111467854326,-8.380086019868305,26781,26454,26273,2,2,2,0,0
36530,구례군,전라남도,Jeonnam,transit,0.6810205439691911,0.6394992445499676,0.6537848344544422,-0.02723570951474885,-3.999249326020476,23543,23165,22894,2,2,2,0,0
36550,고흥군,전라남도,Jeonnam,transit,0.42795225881700155,0.44564500540110297,0.4463323969240373,0.01838013810703576,4.294903865642492,58873,58630,58735,3,3,3,0,0
36560,보성군,전라남도,Jeonnam,transit,0.6768565840116095,0.6552532833020638,0.6920548834190886,0.015198299407479077,2.245423885426576,36981,36244,35955,4,4,4,0,0
36570,화순군,전라남도,Jeonnam,transit,3.262042148906922,2.815976285201654,2.865844481135784,-0.39619766777113785,-12.145694313113022,60136,59822,59354,5,5,5,0,0
36580,장흥군,전라남도,Jeonnam,transit,0.977442511964515,0.9705987276294666,0.9728710025152713,-0.0045715094492437824,-0.4677011070508611,34268,33638,33396,3,3,3,0,0
36590,강진군,전라남도,Jeonnam,transit,0.9826555211170596,0.965497521921464,1.0025906735751295,0.019935152458069982,2.0287020252436148,31941,31476,31266,3,3,3,0,0
36600,해남군,전라남도,Jeonnam,transit,1.271768234190359,1.2215148599529613,1.2466738180246242,-0.025094416165734712,-1.973190986462284,63242,62360,62459,4,4,3,-1,-25
36610,영암군,전라남도,Jeonnam,transit,0.5629457004416825,0.6081421997974665,0.6474420189091233,0.08449631846744088,15.00967471661046,55998,56287,59689,6,6,5,-1,-16.666666666666664
36620,무안군,전라남도,Jeonnam,transit,8.350032558586959,8.835747912758837,8.173714787045025,-0.1763177715419335,-2.11158184479907,90094,90630,90426,13,11,11,-2,-15.384615384615385
36630,함평군,전라남도,Jeonnam,transit,0.5918882722144665,0.5936323785917561,0.5740455928090502,-0.017842679405416284,-3.0145350470723833,29369,29048,29259,3,3,3,0,0
36640,영광군,전라남도,Jeonnam,transit,0.9862769917587092,1.0372442876548467,1.0228921261592547,0.036615134400545535,3.7124595530971645,48981,49323,49493,3,3,3,0,0
36650,장성군,전라남도,Jeonnam,transit,0.5970667914491183,0.5905056375105547,0.645225238675857,0.048158447226738677,8.065839185236733,40604,40266,40187,4,4,4,0,0
36660,완도군,전라남도,Jeonnam,transit,0.7460379156958271,0.7367048631116232,0.7383219669149791,-0.007715948780848025,-1.0342569216004773,47210,46863,47655,3,3,3,0,0
36670,진도군,전라남도,Jeonnam,transit,0.5419639471960845,0.5062705130419761,0.5007354701878015,-0.041228477008283027,-7.6072360941319985,29013,28945,29233,2,2,2,0,0
36680,신안군,전라남도,Jeonnam,transit,0.03455882352941177,0.03392097145757682,0.027616807236980512,-0.006942016292431255,-20.087536505758525,34000,34148,34858,1,1,1,0,0
37011,포항시 남구,경상북도,Gyeongbuk,transit,17.02011048532858,16.341064411224988,15.26807043983032,-1.7520400454982603,-10.293940494737255,228869,227243,226936,27,25,24,-3,-11.11111111111111
37012,포항시 북구,경상북도,Gyeongbuk,transit,19.066977015123367,15.08622686689065,14.898448035587847,-4.16852897953552,-21.86255837109975,272382,269365,266458,25,25,25,0,0
37020,경주시,경상북도,Gyeongbuk,transit,6.7738801949685055,6.123328994559845,6.146054347058181,-0.6278258479103247,-9.268334098625783,261102,259674,259505,19,19,19,0,0
37030,김천시,경상북도,Gyeongbuk,transit,5.185764920775286,4.792406570901538,4.856879868231778,-0.32888505254350786,-6.342074073314119,137962,137698,137413,14,14,13,-1,-7.142857142857142
37040,안동시,경상북도,Gyeongbuk,transit,7.925589845463441,7.709361320301235,6.995223647580665,-0.9303661978827762,-11.738762868423125,158064,156025,154581,18,17,17,-1,-5.555555555555555
37050,구미시,경상북도,Gyeongbuk,transit,8.23928483141408,6.886264585385247,6.741458587960804,-1.497826243453276,-18.179080758835827,413963,409171,407458,42,42,41,-1,-2.380952380952381
37060,영주시,경상북도,Gyeongbuk,transit,5.4378096093633035,5.504215876518159,5.50601286504311,0.06820325567980667,1.2542413320681227,102414,101521,100479,10,10,10,0,0
37070,영천시,경상북도,Gyeongbuk,transit,3.720669477296321,3.7069092282344602,3.607634438562274,-0.11303503873404708,-3.038029564942319,99859,99741,100492,8,7,7,-1,-12.5
37080,상주시,경상북도,Gyeongbuk,transit,2.8395485229366284,2.826896832889881,2.4534910563859915,-0.3860574665506369,-13.59573409055115,93722,93208,92990,9,8,8,-1,-11.11111111111111
37090,문경시,경상북도,Gyeongbuk,transit,2.61818804277685,2.5803302969710433,2.5569048871521254,-0.06128315562472464,-2.3406705180628555,67669,67515,66535,5,5,5,0,0
37100,경산시,경상북도,Gyeongbuk,transit,11.419286933089769,11.277516864438226,11.14781826011768,-0.2714686729720892,-2.3772821767482877,293418,295543,296453,28,26,25,-3,-10.714285714285714
37520,의성군,경상북도,Gyeongbuk,transit,0.5414506153557819,0.539759288330717,0.5218697829716193,-0.019580832384162528,-3.616365339486438,48021,47775,47920,3,3,3,0,0
37530,청송군,경상북도,Gyeongbuk,transit,0.21169701133631055,0.21140983040607603,0.2058097753149487,-0.005887236021361847,-2.7809726666424885,23288,23173,23099,2,2,2,0,0
37540,영양군,경상북도,Gyeongbuk,transit,0.5465998200282812,0.5410552403313116,0.5432651181154176,-0.003334701912863669,-0.6100810484517047,15558,15333,15197,2,2,2,0,0
37550,영덕군,경상북도,Gyeongbuk,transit,0.45792436702331474,0.461749612125552,0.45418806481149726,-0.003736302211817477,-0.8159212483286016,33927,33516,33492,2,2,2,0,0
37560,청도군,경상북도,Gyeongbuk,transit,0.704865530350295,0.71321846256295,0.718493801239752,0.013628270889457061,1.9334568513634451,40071,40045,40008,3,3,3,0,0
37570,고령군,경상북도,Gyeongbuk,transit,0.8935381646326086,0.8098002786809103,0.7545546890359788,-0.13898347559662982,-15.554285322974975,30399,30142,30518,3,3,3,0,0
37580,성주군,경상북도,Gyeongbuk,transit,0.7827002254680914,0.7369301445089064,0.7623580778938313,-0.020342147574260117,-2.5989704502888777,40804,40851,41073,3,3,3,0,0
37590,칠곡군,경상북도,Gyeongbuk,transit,1.7040998917635557,1.6198630840723682,1.5654411001941346,-0.13865879156942107,-8.13677603288411,114564,113549,112465,9,8,8,-1,-11.11111111111111
37600,예천군,경상북도,Gyeongbuk,transit,2.1182603300962524,2.036450680771868,2.533634336472366,0.41537400637611377,19.60920480237854,54267,54448,54263,4,5,5,1,25
37610,봉화군,경상북도,Gyeongbuk,transit,0.4042158072773816,0.38021158876773853,0.3753194981826709,-0.028896309094710693,-7.148733071411387,29168,28798,28430,2,2,2,0,0
37620,울진군,경상북도,Gyeongbuk,transit,0.7443263099628343,0.7287033410221817,0.709630829157275,-0.03469548080555929,-4.661326670998866,46369,45954,45697,3,3,3,0,0
37630,울릉군,경상북도,Gyeongbuk,transit,0.6246378585710206,0.561534749034749,0.5531004989308624,-0.07153735964015817,-11.4526134877277,8169,8288,8418,2,2,2,0,0
38030,진주시,경상남도,Gyeongnam,transit,22.278473108481965,21.662818968307988,17.23939239062189,-5.039080717860074,-22.61860897433573,353389,351119,348272,39,35,35,-4,-10.256410256410255
38050,통영시,경상남도,Gyeongnam,transit,6.925974733435339,5.954775918789869,5.431522317048438,-1.4944524163869009,-21.57750315161257,124829,123006,121626,11,9,10,-1,-9.090909090909092
38060,사천시,경상남도,Gyeongnam,transit,1.7931813898059816,2.0204572473708278,2.069347356768922,0.2761659669629404,15.40089410546587,109646,109350,109008,9,9,10,1,11.11111111111111
38070,김해시,경상남도,Gyeongnam,transit,16.947048786941487,14.685192324440798,13.655437128193165,-3.2916116587483213,-19.42291958989736,547995,547313,548672,56,53,52,-4,-7.142857142857142
38080,밀양시,경상남도,Gyeongnam,transit,2.6703522950073815,2.709385932095484,2.7250060023230613,0.05465370731567987,2.046685278862383,101837,101574,102738,6,6,6,0,0
38090,거제시,경상남도,Gyeongnam,transit,5.2795478482781,4.772463657898369,4.6201214223764095,-0.6594264259016906,-12.490206450477752,242426,236686,238671,17,16,17,0,0
38100,양산시,경상남도,Gyeongnam,transit,12.311847839444901,10.526931412171264,10.494167785090125,-1.817680054354776,-14.763665682508378,352610,352842,355411,30,30,31,1,3.3333333333333335
38111,창원시 의창구,경상남도,Gyeongnam,transit,32.16348800221285,25.501837221522134,24.62277250492582,-7.540715497287032,-23.444955648990025,216915,215053,214516,23,21,24,1,4.3478260869565215
38112,창원시 성산구,경상남도,Gyeongnam,transit,54.434695562518094,47.432534078889354,46.25151320942819,-8.183182353089904,-15.033026764504529,249909,246438,243412,47,47,51,4,8.51063829787234
38113,창원시 마산합포구,경상남도,Gyeongnam,transit,24.447672578020427,19.466424094960125,19.112527264850005,-5.335145313170422,-21.822712555333226,180049,179191,178496,17,16,19,2,11.76470588235294
38114,창원시 마산회원구,경상남도,Gyeongnam,transit,29.265022560208227,23.72262845257994,23.505149266717762,-5.759873293490465,-19.68176611393489,186464,183667,180058,18,18,22,4,22.22222222222222
38115,창원시 진해구,경상남도,Gyeongnam,transit,8.897781994299033,7.416649341829434,6.635115738312529,-2.2626662559865034,-25.42955376335624,192365,192402,190660,17,14,15,-2,-11.76470588235294
38510,의령군,경상남도,Gyeongnam,transit,0.8250740375123395,0.8703259827420902,0.86905385266041,0.04397981514807048,5.330408320769968,25325,25032,24827,3,3,3,0,0
38520,함안군,경상남도,Gyeongnam,transit,1.6011207228293245,1.362928423785031,1.3539478551782929,-0.24717286765103164,-15.43749101031276,63233,62409,62173,5,5,5,0,0
38530,창녕군,경상남도,Gyeongnam,transit,0.7170353982300884,0.7025145681699657,0.6874613082513895,-0.029574089978698925,-4.124495115819783,59664,58804,58475,3,3,3,0,0
38540,고성군,경상남도,Gyeongnam,transit,1.1813720468004016,1.1425193589796678,1.0806337786913327,-0.10073826810906894,-8.527226319761496,48803,48298,48650,3,3,3,0,0
38550,남해군,경상남도,Gyeongnam,transit,0.8123725634124459,0.7561120578235493,0.7138702798905288,-0.09850228352191714,-12.125259758669005,40870,40491,39706,3,3,3,0,0
38560,하동군,경상남도,Gyeongnam,transit,0.4952614501124472,0.5028535059767673,0.516136315228967,0.02087486511651976,4.2149182238553395,40167,39542,39125,3,3,3,0,0
38570,산청군,경상남도,Gyeongnam,transit,0.3409159750408917,0.34086129651641217,0.34485589201021527,0.003939916969323554,1.1556856403842541,33014,32811,32892,3,3,3,0,0
38580,함양군,경상남도,Gyeongnam,transit,1.1793282431606507,1.1103830598513664,1.1148007322912266,-0.0645275108694241,-5.4715479972299805,36541,36017,35505,3,3,3,0,0
38590,거창군,경상남도,Gyeongnam,transit,2.854336180604792,2.8148189158802084,2.811975148494572,-0.04236103211021991,-1.4840940039951507,59238,58702,58588,5,5,5,0,0
38600,합천군,경상남도,Gyeongnam,transit,0.658432163771468,0.6715795120003992,0.6733002243678624,0.01486806059639445,2.258100593268547,40642,40082,39667,3,3,3,0,0
39010,제주시,제주특별자치도,Jeju,transit,18.253680631908463,15.592052121253726,15.530934464460243,-2.7227461674482196,-14.916148815974713,493869,495281,495553,54,54,53,-1,-1.8518518518518516
39020,서귀포시,제주특별자치도,Jeju,transit,5.121398178213697,4.6406718794290995,4.832638942539392,-0.2887592356743056,-5.6382891082884425,179238,181094,181214,21,21,21,0,0
23520,옹진군,인천광역시,Incheon,transit,0,0,0,0,NA,18984,19329,19286,NA,NA,NA,NA,NA
